"DT_GERACAO";"HH_GERACAO";"AA_ELEICAO";"SG_UF";"CD_TIPO_ELEICAO";"NM_TIPO_ELEICAO";"CD_ELEICAO";"DS_ELEICAO";"SQ_CANDIDATO";"NR_ORDEM";"DS_URL"
"25/09/2022";"18:36:45";2022;"AC";2;"ELEIÇÃO ORDINÁRIA";546;"ELEIÇÕES GERAIS ESTADUAIS 2022";10001622769;1;"https://www.instagram.com/michelleomelo/"
"25/09/2022";"18:36:45";2022;"AC";2;"ELEIÇÃO ORDINÁRIA";546;"ELEIÇÕES GERAIS ESTADUAIS 2022";10001622769;2;"https://www.facebook.com/dramichellemelo"
"25/09/2022";"18:36:45";2022;"AC";2;"ELEIÇÃO ORDINÁRIA";546;"ELEIÇÕES GERAIS ESTADUAIS 2022";10001622769;4;"https://www.michellemelo.com.br/"
"25/09/2022";"18:36:45";2022;"AC";2;"ELEIÇÃO ORDINÁRIA";546;"ELEIÇÕES GERAIS ESTADUAIS 2022";10001622769;3;"https://twitter.com/DraMichelleMelo"
"25/09/2022";"18:36:45";2022;"AC";2;"ELEIÇÃO ORDINÁRIA";546;"ELEIÇÕES GERAIS ESTADUAIS 2022";10001655718;1;"https://instagram.com/izabellearauujo?igshid=YmMyMTA2M2Y="
"25/09/2022";"18:36:45";2022;"AC";2;"ELEIÇÃO ORDINÁRIA";546;"ELEIÇÕES GERAIS ESTADUAIS 2022";10001723789;1;"https://facebook.com/profile.php"
"25/09/2022";"18:36:45";2022;"AC";2;"ELEIÇÃO ORDINÁRIA";546;"ELEIÇÕES GERAIS ESTADUAIS 2022";10001643314;1;"https://instagram.com/vereador_antoniomorais?igshid=YmMyMTA2M2Y="
"25/09/2022";"18:36:45";2022;"AC";2;"ELEIÇÃO ORDINÁRIA";546;"ELEIÇÕES GERAIS ESTADUAIS 2022";10001650033;2;"https://m.facebook.com/profile.php?id=100058255831449"
"25/09/2022";"18:36:45";2022;"AC";2;"ELEIÇÃO ORDINÁRIA";546;"ELEIÇÕES GERAIS ESTADUAIS 2022";10001650033;1;"https://instagram.com/calegariofagner?igshid=YmMyMTA2M2Y"
"25/09/2022";"18:36:45";2022;"AC";2;"ELEIÇÃO ORDINÁRIA";546;"ELEIÇÕES GERAIS ESTADUAIS 2022";10001606506;1;"https://www.instagram.com/robertopintolima/"
"25/09/2022";"18:36:45";2022;"AC";2;"ELEIÇÃO ORDINÁRIA";546;"ELEIÇÕES GERAIS ESTADUAIS 2022";10001606506;2;"https://www.facebook.com/rebeka.barbosa.712"
"25/09/2022";"18:36:45";2022;"AC";2;"ELEIÇÃO ORDINÁRIA";546;"ELEIÇÕES GERAIS ESTADUAIS 2022";10001643432;1;"https://instagram.com/vilandrodecastro?igshid=YmMyMTA2M2Y="
"25/09/2022";"18:36:45";2022;"AC";2;"ELEIÇÃO ORDINÁRIA";546;"ELEIÇÕES GERAIS ESTADUAIS 2022";10001623533;1;"https://www.facebook.com/gilberto.lira.52"
"25/09/2022";"18:36:45";2022;"AC";2;"ELEIÇÃO ORDINÁRIA";546;"ELEIÇÕES GERAIS ESTADUAIS 2022";10001623533;2;"https://www.instagram.com/giba_lira"
"25/09/2022";"18:36:45";2022;"AC";2;"ELEIÇÃO ORDINÁRIA";546;"ELEIÇÕES GERAIS ESTADUAIS 2022";10001650026;2;"https://m.facebook.com/profile.php?id=1007712767"
"25/09/2022";"18:36:45";2022;"AC";2;"ELEIÇÃO ORDINÁRIA";546;"ELEIÇÕES GERAIS ESTADUAIS 2022";10001650026;1;"https://instagram.com/nilcrispim?igshid=YmMyMTA2M2Y"
"25/09/2022";"18:36:45";2022;"AC";2;"ELEIÇÃO ORDINÁRIA";546;"ELEIÇÕES GERAIS ESTADUAIS 2022";10001606494;2;"https://www.instagram.com/francisco080884/"
"25/09/2022";"18:36:45";2022;"AC";2;"ELEIÇÃO ORDINÁRIA";546;"ELEIÇÕES GERAIS ESTADUAIS 2022";10001606494;1;"https://www.facebook.com/profile.php?id=100073118775565&comment_id=Y29tbWVudDo2M"
"25/09/2022";"18:36:45";2022;"AC";2;"ELEIÇÃO ORDINÁRIA";546;"ELEIÇÕES GERAIS ESTADUAIS 2022";10001616169;3;"https://jorgeviana.com.br/"
"25/09/2022";"18:36:45";2022;"AC";2;"ELEIÇÃO ORDINÁRIA";546;"ELEIÇÕES GERAIS ESTADUAIS 2022";10001616169;1;"https://www.facebook.com/profile.php?id=100009192112943"
"25/09/2022";"18:36:45";2022;"AC";2;"ELEIÇÃO ORDINÁRIA";546;"ELEIÇÕES GERAIS ESTADUAIS 2022";10001616169;2;"https://instagram.com/jorgevianaacre?igshid=YmMyMTA2M2Y="
"25/09/2022";"18:36:45";2022;"AC";2;"ELEIÇÃO ORDINÁRIA";546;"ELEIÇÕES GERAIS ESTADUAIS 2022";10001643848;1;"https://www.instagram.com/jossicleudooficial/"
"25/09/2022";"18:36:45";2022;"AC";2;"ELEIÇÃO ORDINÁRIA";546;"ELEIÇÕES GERAIS ESTADUAIS 2022";10001643848;2;"https://web.facebook.com/profile.php?id=100081112470924"
"25/09/2022";"18:36:45";2022;"AC";2;"ELEIÇÃO ORDINÁRIA";546;"ELEIÇÕES GERAIS ESTADUAIS 2022";10001649322;2;"https://instagram.com/francirleybarroso"
"25/09/2022";"18:36:45";2022;"AC";2;"ELEIÇÃO ORDINÁRIA";546;"ELEIÇÕES GERAIS ESTADUAIS 2022";10001649322;1;"https://facebook.com/francirley.barroso"
"25/09/2022";"18:36:45";2022;"AC";2;"ELEIÇÃO ORDINÁRIA";546;"ELEIÇÕES GERAIS ESTADUAIS 2022";10001643696;2;"https://www.facebook.com/profile.php?id=100069205847863"
"25/09/2022";"18:36:45";2022;"AC";2;"ELEIÇÃO ORDINÁRIA";546;"ELEIÇÕES GERAIS ESTADUAIS 2022";10001643696;1;"https://www.instagram.com/vereadora.mirla.cs/"
"25/09/2022";"18:36:45";2022;"AC";2;"ELEIÇÃO ORDINÁRIA";546;"ELEIÇÕES GERAIS ESTADUAIS 2022";10001643853;2;"https://www.facebook.com/profile.php?id=100010634880288"
"25/09/2022";"18:36:45";2022;"AC";2;"ELEIÇÃO ORDINÁRIA";546;"ELEIÇÕES GERAIS ESTADUAIS 2022";10001643853;1;"https://www.instagram.com/honorato6478/"
"25/09/2022";"18:36:45";2022;"AC";2;"ELEIÇÃO ORDINÁRIA";546;"ELEIÇÕES GERAIS ESTADUAIS 2022";10001716346;1;"https://instagram.com/minorukinpara"
"25/09/2022";"18:36:45";2022;"AC";2;"ELEIÇÃO ORDINÁRIA";546;"ELEIÇÕES GERAIS ESTADUAIS 2022";10001716346;2;"https://www.facebook.com/minoru.martinskinpara"
"25/09/2022";"18:36:45";2022;"AC";2;"ELEIÇÃO ORDINÁRIA";546;"ELEIÇÕES GERAIS ESTADUAIS 2022";10001635782;1;"https://www.instagram.com/candidatamariavaicomasoutras/?igshid=YmMyMTA2M2Y"
"25/09/2022";"18:36:45";2022;"AC";2;"ELEIÇÃO ORDINÁRIA";546;"ELEIÇÕES GERAIS ESTADUAIS 2022";10001635782;2;"https://www.facebook.com/people/Maria-De-Jesus/100070689280419/"
"25/09/2022";"18:36:45";2022;"AC";2;"ELEIÇÃO ORDINÁRIA";546;"ELEIÇÕES GERAIS ESTADUAIS 2022";10001714548;1;"https://www.facebook.com/gemiljunior"
"25/09/2022";"18:36:45";2022;"AC";2;"ELEIÇÃO ORDINÁRIA";546;"ELEIÇÕES GERAIS ESTADUAIS 2022";10001619995;1;"https://www.instagram.com/katiannyaraujo.ac"
"25/09/2022";"18:36:45";2022;"AC";2;"ELEIÇÃO ORDINÁRIA";546;"ELEIÇÕES GERAIS ESTADUAIS 2022";10001723807;1;"https://www.facebook.com/rudileyestrela"
"25/09/2022";"18:36:45";2022;"AC";2;"ELEIÇÃO ORDINÁRIA";546;"ELEIÇÕES GERAIS ESTADUAIS 2022";10001723807;2;"https://instagram.com/rudileiestrela"
"25/09/2022";"18:36:45";2022;"AC";2;"ELEIÇÃO ORDINÁRIA";546;"ELEIÇÕES GERAIS ESTADUAIS 2022";10001606499;1;"https://www.facebook.com/romeu.ramalhomarques.3"
"25/09/2022";"18:36:45";2022;"AC";2;"ELEIÇÃO ORDINÁRIA";546;"ELEIÇÕES GERAIS ESTADUAIS 2022";10001606504;1;"https://www.facebook.com/profile.php?id=100068058520025"
"25/09/2022";"18:36:45";2022;"AC";2;"ELEIÇÃO ORDINÁRIA";546;"ELEIÇÕES GERAIS ESTADUAIS 2022";10001606584;2;"https://www.instagram.com/tiago_farias_123/"
"25/09/2022";"18:36:45";2022;"AC";2;"ELEIÇÃO ORDINÁRIA";546;"ELEIÇÕES GERAIS ESTADUAIS 2022";10001606584;1;"https://www.facebook.com/tiago.farias.96995238"
"25/09/2022";"18:36:45";2022;"AC";2;"ELEIÇÃO ORDINÁRIA";546;"ELEIÇÕES GERAIS ESTADUAIS 2022";10001613550;3;"https://twitter.com/leodebritoac"
"25/09/2022";"18:36:45";2022;"AC";2;"ELEIÇÃO ORDINÁRIA";546;"ELEIÇÕES GERAIS ESTADUAIS 2022";10001613550;1;"https://www.facebook.com/leodebritoac"
"25/09/2022";"18:36:45";2022;"AC";2;"ELEIÇÃO ORDINÁRIA";546;"ELEIÇÕES GERAIS ESTADUAIS 2022";10001613550;2;"https://www.instagram.com/leodebritoac/"
"25/09/2022";"18:36:45";2022;"AC";2;"ELEIÇÃO ORDINÁRIA";546;"ELEIÇÕES GERAIS ESTADUAIS 2022";10001613550;4;"https://vm.tiktok.com/ZMNVdcqkv/"
"25/09/2022";"18:36:45";2022;"AC";2;"ELEIÇÃO ORDINÁRIA";546;"ELEIÇÕES GERAIS ESTADUAIS 2022";10001621646;1;"https://www.instagram.com/zezinhobarbary/?igshid=YmMyMTA2M2Y="
"25/09/2022";"18:36:45";2022;"AC";2;"ELEIÇÃO ORDINÁRIA";546;"ELEIÇÕES GERAIS ESTADUAIS 2022";10001723805;1;"https://facebook.com/elizabete.souza.351256"
"25/09/2022";"18:36:45";2022;"AC";2;"ELEIÇÃO ORDINÁRIA";546;"ELEIÇÕES GERAIS ESTADUAIS 2022";10001723805;2;"https://instagram.com/elizabete.souza351756"
"25/09/2022";"18:36:45";2022;"AC";2;"ELEIÇÃO ORDINÁRIA";546;"ELEIÇÕES GERAIS ESTADUAIS 2022";10001643441;1;"https://www.facebook.com/raimundo.salesdasilva"
"25/09/2022";"18:36:45";2022;"AC";2;"ELEIÇÃO ORDINÁRIA";546;"ELEIÇÕES GERAIS ESTADUAIS 2022";10001643856;2;"https://www.facebook.com/paulomaciel.desouza.9"
"25/09/2022";"18:36:45";2022;"AC";2;"ELEIÇÃO ORDINÁRIA";546;"ELEIÇÕES GERAIS ESTADUAIS 2022";10001643856;1;"https://www.instagram.com/paulomaciel4/"
"25/09/2022";"18:36:45";2022;"AC";2;"ELEIÇÃO ORDINÁRIA";546;"ELEIÇÕES GERAIS ESTADUAIS 2022";10001621648;1;"https://instagram.com/girlenesvteixeira?igshid=YmMyMTA2M2Y="
"25/09/2022";"18:36:45";2022;"AC";2;"ELEIÇÃO ORDINÁRIA";546;"ELEIÇÕES GERAIS ESTADUAIS 2022";10001612487;1;"https://facebook.com/coronelulysses"
"25/09/2022";"18:36:45";2022;"AC";2;"ELEIÇÃO ORDINÁRIA";546;"ELEIÇÕES GERAIS ESTADUAIS 2022";10001612487;2;"https://instagram.com/coronelulysses"
"25/09/2022";"18:36:45";2022;"AC";2;"ELEIÇÃO ORDINÁRIA";546;"ELEIÇÕES GERAIS ESTADUAIS 2022";10001643446;1;"https://twitter.com/drjenilsonleite"
"25/09/2022";"18:36:45";2022;"AC";2;"ELEIÇÃO ORDINÁRIA";546;"ELEIÇÕES GERAIS ESTADUAIS 2022";10001643446;4;"https://www.instagram.com/p/ChGBNMvOCPx/?igshid=YmMyMTA2M2Y="
"25/09/2022";"18:36:45";2022;"AC";2;"ELEIÇÃO ORDINÁRIA";546;"ELEIÇÕES GERAIS ESTADUAIS 2022";10001643446;5;"https://www.facebook.com/fotosdrjanilson"
"25/09/2022";"18:36:45";2022;"AC";2;"ELEIÇÃO ORDINÁRIA";546;"ELEIÇÕES GERAIS ESTADUAIS 2022";10001643446;2;"https://youtube.com/channel/UCi0m4vrwDaxXN7V0Nt3Zd9A"
"25/09/2022";"18:36:45";2022;"AC";2;"ELEIÇÃO ORDINÁRIA";546;"ELEIÇÕES GERAIS ESTADUAIS 2022";10001643446;3;"https://www.tiktok.com/@jenilsonleite2022?_t=8UjK8Ly94Cs&_r=1"
"25/09/2022";"18:36:45";2022;"AC";2;"ELEIÇÃO ORDINÁRIA";546;"ELEIÇÕES GERAIS ESTADUAIS 2022";10001649415;1;"https://www.facebook.com/profile.php?id=100078465024680"
"25/09/2022";"18:36:45";2022;"AC";2;"ELEIÇÃO ORDINÁRIA";546;"ELEIÇÕES GERAIS ESTADUAIS 2022";10001649415;2;"https://instagram.com/rosineiafrota?igshid=YmMyMTA2M2Y="
"25/09/2022";"18:36:45";2022;"AC";2;"ELEIÇÃO ORDINÁRIA";546;"ELEIÇÕES GERAIS ESTADUAIS 2022";10001649415;3;"https://www.tiktok.com/@rosineiafrota18?_t=8UjRXcWlGkQ&_r=1"
"25/09/2022";"18:36:45";2022;"AC";2;"ELEIÇÃO ORDINÁRIA";546;"ELEIÇÕES GERAIS ESTADUAIS 2022";10001606585;2;"https://twitter.com/DimasSandas"
"25/09/2022";"18:36:45";2022;"AC";2;"ELEIÇÃO ORDINÁRIA";546;"ELEIÇÕES GERAIS ESTADUAIS 2022";10001606585;1;"https://www.facebook.com/dimas.sandas"
"25/09/2022";"18:36:45";2022;"AC";2;"ELEIÇÃO ORDINÁRIA";546;"ELEIÇÕES GERAIS ESTADUAIS 2022";10001606585;3;"https://www.linkedin.com/in/dimas-sandas-b6092420/"
"25/09/2022";"18:36:45";2022;"AC";2;"ELEIÇÃO ORDINÁRIA";546;"ELEIÇÕES GERAIS ESTADUAIS 2022";10001606585;4;"https://www.instagram.com/dimas_sandas/"
"25/09/2022";"18:36:45";2022;"AC";2;"ELEIÇÃO ORDINÁRIA";546;"ELEIÇÕES GERAIS ESTADUAIS 2022";10001635536;1;"https://instagram.com/ebermachadodep?igshid=YmMyMTA2M2Y="
"25/09/2022";"18:36:45";2022;"AC";2;"ELEIÇÃO ORDINÁRIA";546;"ELEIÇÕES GERAIS ESTADUAIS 2022";10001649308;2;"https://facebook.com/igorsantosoliveira?igshid=YmMyMTA2M2Y"
"25/09/2022";"18:36:45";2022;"AC";2;"ELEIÇÃO ORDINÁRIA";546;"ELEIÇÕES GERAIS ESTADUAIS 2022";10001649308;1;"https://instagram.com/igorsantosoliveira"
"25/09/2022";"18:36:45";2022;"AC";2;"ELEIÇÃO ORDINÁRIA";546;"ELEIÇÕES GERAIS ESTADUAIS 2022";10001649323;2;"https://instagram.com/rodriguesyargo"
"25/09/2022";"18:36:45";2022;"AC";2;"ELEIÇÃO ORDINÁRIA";546;"ELEIÇÕES GERAIS ESTADUAIS 2022";10001649323;1;"https://facebook.com/yargo.rodrigues.3"
"25/09/2022";"18:36:45";2022;"AC";2;"ELEIÇÃO ORDINÁRIA";546;"ELEIÇÕES GERAIS ESTADUAIS 2022";10001601615;3;"https://www.facebook.com/vandamilani.ac"
"25/09/2022";"18:36:45";2022;"AC";2;"ELEIÇÃO ORDINÁRIA";546;"ELEIÇÕES GERAIS ESTADUAIS 2022";10001601615;4;"http://vote900vandasenadora.com.br/"
"25/09/2022";"18:36:45";2022;"AC";2;"ELEIÇÃO ORDINÁRIA";546;"ELEIÇÕES GERAIS ESTADUAIS 2022";10001601615;1;"https://vandamilaniacre.com.br"
"25/09/2022";"18:36:45";2022;"AC";2;"ELEIÇÃO ORDINÁRIA";546;"ELEIÇÕES GERAIS ESTADUAIS 2022";10001601615;2;"https://www.instagram.com/vandamilani_/"
"25/09/2022";"18:36:45";2022;"AC";2;"ELEIÇÃO ORDINÁRIA";546;"ELEIÇÕES GERAIS ESTADUAIS 2022";10001716341;1;"https://instagram.com/sergiobarros"
"25/09/2022";"18:36:45";2022;"AC";2;"ELEIÇÃO ORDINÁRIA";546;"ELEIÇÕES GERAIS ESTADUAIS 2022";10001716341;2;"https://facebook.com/sergiobarrosac/"
"25/09/2022";"18:36:45";2022;"AC";2;"ELEIÇÃO ORDINÁRIA";546;"ELEIÇÕES GERAIS ESTADUAIS 2022";10001621650;1;"https://www.instagram.com/gerlendinizandrade/?igshid=YmMyMTA2M2Y="
"25/09/2022";"18:36:45";2022;"AC";2;"ELEIÇÃO ORDINÁRIA";546;"ELEIÇÕES GERAIS ESTADUAIS 2022";10001643313;1;"https://instagram.com/riderson_rocha80?igshid=YmMyMTA2M2Y="
"25/09/2022";"18:36:45";2022;"AC";2;"ELEIÇÃO ORDINÁRIA";546;"ELEIÇÕES GERAIS ESTADUAIS 2022";10001649312;2;"https://instagram.com/tarcisiopinheiromoraes"
"25/09/2022";"18:36:45";2022;"AC";2;"ELEIÇÃO ORDINÁRIA";546;"ELEIÇÕES GERAIS ESTADUAIS 2022";10001649312;1;"https://facebook.com/profile.php?id=10007507338135"
"25/09/2022";"18:36:45";2022;"AC";2;"ELEIÇÃO ORDINÁRIA";546;"ELEIÇÕES GERAIS ESTADUAIS 2022";10001612476;1;"https://gladsoncameli.com.br/"
"25/09/2022";"18:36:45";2022;"AC";2;"ELEIÇÃO ORDINÁRIA";546;"ELEIÇÕES GERAIS ESTADUAIS 2022";10001612476;6;"https://youtube.com/channel/UCseVmSpfJhAWevts5Epb19w"
"25/09/2022";"18:36:45";2022;"AC";2;"ELEIÇÃO ORDINÁRIA";546;"ELEIÇÕES GERAIS ESTADUAIS 2022";10001612476;4;"https://twitter.com/gladsoncameli?s=21&t=ZqL5LpCBnEVBXDq8omeR9A"
"25/09/2022";"18:36:45";2022;"AC";2;"ELEIÇÃO ORDINÁRIA";546;"ELEIÇÕES GERAIS ESTADUAIS 2022";10001612476;5;"https://pin.it/1WUseSQ"
"25/09/2022";"18:36:45";2022;"AC";2;"ELEIÇÃO ORDINÁRIA";546;"ELEIÇÕES GERAIS ESTADUAIS 2022";10001612476;7;"https://www.tiktok.com/@gladsoncameli11?_t=8Uv3xMxY5qw&_r=1"
"25/09/2022";"18:36:45";2022;"AC";2;"ELEIÇÃO ORDINÁRIA";546;"ELEIÇÕES GERAIS ESTADUAIS 2022";10001612476;2;"https://www.facebook.com/GladsonCameli"
"25/09/2022";"18:36:45";2022;"AC";2;"ELEIÇÃO ORDINÁRIA";546;"ELEIÇÕES GERAIS ESTADUAIS 2022";10001612476;3;"https://instagram.com/gladsoncameli?igshid=ZDg1NjBiNjg="
"25/09/2022";"18:36:45";2022;"AC";2;"ELEIÇÃO ORDINÁRIA";546;"ELEIÇÕES GERAIS ESTADUAIS 2022";10001612476;8;"https://flickr.com/photos/gladson11/"
"25/09/2022";"18:36:45";2022;"AC";2;"ELEIÇÃO ORDINÁRIA";546;"ELEIÇÕES GERAIS ESTADUAIS 2022";10001614194;2;"https://www.instagram.com/protetora_de_animais_maura/?igshid=YmMyMTA2M2Y%3D"
"25/09/2022";"18:36:45";2022;"AC";2;"ELEIÇÃO ORDINÁRIA";546;"ELEIÇÕES GERAIS ESTADUAIS 2022";10001614194;1;"https://www.facebook.com/people/Maura-Akino/100078159771273/"
"25/09/2022";"18:36:45";2022;"AC";2;"ELEIÇÃO ORDINÁRIA";546;"ELEIÇÕES GERAIS ESTADUAIS 2022";10001614194;3;"https://www.instagram.com/protetora_mauraakino/?igshid=YmMyMTA2M2Y%3D"
"25/09/2022";"18:36:45";2022;"AC";2;"ELEIÇÃO ORDINÁRIA";546;"ELEIÇÕES GERAIS ESTADUAIS 2022";10001643431;1;"https://www.instagram.com/josecicerosantiago63/?igshid=YmMyMTA2M2Y="
"25/09/2022";"18:36:45";2022;"AC";2;"ELEIÇÃO ORDINÁRIA";546;"ELEIÇÕES GERAIS ESTADUAIS 2022";10001642332;1;"https://instagram.com/flavianomelooficial?igshid=YmMyMTA2M2Y="
"25/09/2022";"18:36:45";2022;"AC";2;"ELEIÇÃO ORDINÁRIA";546;"ELEIÇÕES GERAIS ESTADUAIS 2022";10001623534;1;"https://www.instagram.com/isaiaslima.ac"
"25/09/2022";"18:36:45";2022;"AC";2;"ELEIÇÃO ORDINÁRIA";546;"ELEIÇÕES GERAIS ESTADUAIS 2022";10001619992;1;"https://www.instagram.com/cordeirokeiliane"
"25/09/2022";"18:36:45";2022;"AC";2;"ELEIÇÃO ORDINÁRIA";546;"ELEIÇÕES GERAIS ESTADUAIS 2022";10001643700;1;"https://web.facebook.com/janespeteca12345"
"25/09/2022";"18:36:45";2022;"AC";2;"ELEIÇÃO ORDINÁRIA";546;"ELEIÇÕES GERAIS ESTADUAIS 2022";10001643700;2;"https://www.instagram.com/janes_peteca/"
"25/09/2022";"18:36:45";2022;"AC";2;"ELEIÇÃO ORDINÁRIA";546;"ELEIÇÕES GERAIS ESTADUAIS 2022";10001614241;2;"https://www.facebook.com/profile.php?id=100072348524823"
"25/09/2022";"18:36:45";2022;"AC";2;"ELEIÇÃO ORDINÁRIA";546;"ELEIÇÕES GERAIS ESTADUAIS 2022";10001614241;1;"https://www.instagram.com/zecarlospublicitario/"
"25/09/2022";"18:36:45";2022;"AC";2;"ELEIÇÃO ORDINÁRIA";546;"ELEIÇÕES GERAIS ESTADUAIS 2022";10001736584;1;"https://instagram.com/nazare_sousa19?igshid=YmMyMTA2M2Y="
"25/09/2022";"18:36:45";2022;"AC";2;"ELEIÇÃO ORDINÁRIA";546;"ELEIÇÕES GERAIS ESTADUAIS 2022";10001643701;1;"https://www.instagram.com/jesus12silva/"
"25/09/2022";"18:36:45";2022;"AC";2;"ELEIÇÃO ORDINÁRIA";546;"ELEIÇÕES GERAIS ESTADUAIS 2022";10001714547;1;"https://www.instagram.com/alanrickm"
"25/09/2022";"18:36:45";2022;"AC";2;"ELEIÇÃO ORDINÁRIA";546;"ELEIÇÕES GERAIS ESTADUAIS 2022";10001714547;2;"https://www.facebook.com/deputadoalanrick"
"25/09/2022";"18:36:45";2022;"AC";2;"ELEIÇÃO ORDINÁRIA";546;"ELEIÇÕES GERAIS ESTADUAIS 2022";10001649325;1;"https://instagram.com/adriaoluca.087"
"25/09/2022";"18:36:45";2022;"AC";2;"ELEIÇÃO ORDINÁRIA";546;"ELEIÇÕES GERAIS ESTADUAIS 2022";10001606496;1;"https://www.facebook.com/profile.php?id=100011389263106"
"25/09/2022";"18:36:45";2022;"AC";2;"ELEIÇÃO ORDINÁRIA";546;"ELEIÇÕES GERAIS ESTADUAIS 2022";10001621649;1;"https://www.instagram.com/joseadriano.ac/"
"25/09/2022";"18:36:45";2022;"AC";2;"ELEIÇÃO ORDINÁRIA";546;"ELEIÇÕES GERAIS ESTADUAIS 2022";10001606498;1;"https://www.instagram.com/correia_nauas/"
"25/09/2022";"18:36:45";2022;"AC";2;"ELEIÇÃO ORDINÁRIA";546;"ELEIÇÕES GERAIS ESTADUAIS 2022";10001635772;1;"https://www.facebook.com/rosalinaoliveira.souza"
"25/09/2022";"18:36:45";2022;"AC";2;"ELEIÇÃO ORDINÁRIA";546;"ELEIÇÕES GERAIS ESTADUAIS 2022";10001635772;2;"https://instagram.com/rosalina_czs?igshid=YmMyMTA2M2Y="
"25/09/2022";"18:36:45";2022;"AC";2;"ELEIÇÃO ORDINÁRIA";546;"ELEIÇÕES GERAIS ESTADUAIS 2022";10001623552;1;"https://www.facebook.com.br/whendylima"
"25/09/2022";"18:36:45";2022;"AC";2;"ELEIÇÃO ORDINÁRIA";546;"ELEIÇÕES GERAIS ESTADUAIS 2022";10001623552;2;"https://instagram.com/whendylimaac"
"25/09/2022";"18:36:45";2022;"AC";2;"ELEIÇÃO ORDINÁRIA";546;"ELEIÇÕES GERAIS ESTADUAIS 2022";10001643843;1;"https://www.instagram.com/marcialimasr/"
"25/09/2022";"18:36:45";2022;"AC";2;"ELEIÇÃO ORDINÁRIA";546;"ELEIÇÕES GERAIS ESTADUAIS 2022";10001643843;2;"https://web.facebook.com/mimamarcia43"
"25/09/2022";"18:36:45";2022;"AC";2;"ELEIÇÃO ORDINÁRIA";546;"ELEIÇÕES GERAIS ESTADUAIS 2022";10001731818;1;"https://m.facebook.com/LurdinhaLimaCZS/"
"25/09/2022";"18:36:45";2022;"AC";2;"ELEIÇÃO ORDINÁRIA";546;"ELEIÇÕES GERAIS ESTADUAIS 2022";10001612492;2;"https://www.pedrovalerio.com.br"
"25/09/2022";"18:36:45";2022;"AC";2;"ELEIÇÃO ORDINÁRIA";546;"ELEIÇÕES GERAIS ESTADUAIS 2022";10001612492;3;"http://facebook.com/pedrovaleriopsl"
"25/09/2022";"18:36:45";2022;"AC";2;"ELEIÇÃO ORDINÁRIA";546;"ELEIÇÕES GERAIS ESTADUAIS 2022";10001612492;1;"https://instagram.com/pedrovaleriooficial"
"25/09/2022";"18:36:45";2022;"AC";2;"ELEIÇÃO ORDINÁRIA";546;"ELEIÇÕES GERAIS ESTADUAIS 2022";10001643435;1;"http://mprmaanaim.renderforestsites.com/"
"25/09/2022";"18:36:45";2022;"AC";2;"ELEIÇÃO ORDINÁRIA";546;"ELEIÇÕES GERAIS ESTADUAIS 2022";10001643435;2;"https://instagram.com/prjeanoficial?igshid=YmMyMTA2M2Y="
"25/09/2022";"18:36:45";2022;"AC";2;"ELEIÇÃO ORDINÁRIA";546;"ELEIÇÕES GERAIS ESTADUAIS 2022";10001643439;1;"https://instagram.com/jose.bestene?igshid=YmMyMTA2M2Y="
"25/09/2022";"18:36:45";2022;"AC";2;"ELEIÇÃO ORDINÁRIA";546;"ELEIÇÕES GERAIS ESTADUAIS 2022";10001643707;1;"https://instagram.com/elizabethmedeirosdemoraees"
"25/09/2022";"18:36:45";2022;"AC";2;"ELEIÇÃO ORDINÁRIA";546;"ELEIÇÕES GERAIS ESTADUAIS 2022";10001643707;2;"https://facebook.com/bete.moraes.10420"
"25/09/2022";"18:36:45";2022;"AC";2;"ELEIÇÃO ORDINÁRIA";546;"ELEIÇÕES GERAIS ESTADUAIS 2022";10001723797;1;"https://instagram.com/duan_souza"
"25/09/2022";"18:36:45";2022;"AC";2;"ELEIÇÃO ORDINÁRIA";546;"ELEIÇÕES GERAIS ESTADUAIS 2022";10001723797;2;"https://facebook.com/adenilson.duam"
"25/09/2022";"18:36:45";2022;"AC";2;"ELEIÇÃO ORDINÁRIA";546;"ELEIÇÕES GERAIS ESTADUAIS 2022";10001723798;1;"https://instagram.com/tiagomartinspsi"
"25/09/2022";"18:36:45";2022;"AC";2;"ELEIÇÃO ORDINÁRIA";546;"ELEIÇÕES GERAIS ESTADUAIS 2022";10001649310;1;"https://instagram.com/afonsofernandesoficial"
"25/09/2022";"18:36:45";2022;"AC";2;"ELEIÇÃO ORDINÁRIA";546;"ELEIÇÕES GERAIS ESTADUAIS 2022";10001649307;1;"https://facebook.com/oseias.silva.330"
"25/09/2022";"18:36:45";2022;"AC";2;"ELEIÇÃO ORDINÁRIA";546;"ELEIÇÕES GERAIS ESTADUAIS 2022";10001649307;2;"https://instagram.com/oseiassilvaa"
"25/09/2022";"18:36:45";2022;"AC";2;"ELEIÇÃO ORDINÁRIA";546;"ELEIÇÕES GERAIS ESTADUAIS 2022";10001643437;1;"https://progressistas.org.br/"
"25/09/2022";"18:36:45";2022;"AC";2;"ELEIÇÃO ORDINÁRIA";546;"ELEIÇÕES GERAIS ESTADUAIS 2022";10001643440;1;"https://instagram.com/manoelmoraesdep?igshid=YmMyMTA2M2Y="
"25/09/2022";"18:36:45";2022;"AC";2;"ELEIÇÃO ORDINÁRIA";546;"ELEIÇÕES GERAIS ESTADUAIS 2022";10001639519;5;"https://t.me/mararochaac"
"25/09/2022";"18:36:45";2022;"AC";2;"ELEIÇÃO ORDINÁRIA";546;"ELEIÇÕES GERAIS ESTADUAIS 2022";10001639519;3;"https://twitter.com/soumara15?t=Fyx0ehU0Jl9lxSqK_C8_GA&s=09"
"25/09/2022";"18:36:45";2022;"AC";2;"ELEIÇÃO ORDINÁRIA";546;"ELEIÇÕES GERAIS ESTADUAIS 2022";10001639519;7;"https://youtube.com/channel/UCTe4jXMRWnkwdBp8cWcSVfA"
"25/09/2022";"18:36:45";2022;"AC";2;"ELEIÇÃO ORDINÁRIA";546;"ELEIÇÕES GERAIS ESTADUAIS 2022";10001639519;1;"https://www.facebook.com/soumara15"
"25/09/2022";"18:36:45";2022;"AC";2;"ELEIÇÃO ORDINÁRIA";546;"ELEIÇÕES GERAIS ESTADUAIS 2022";10001639519;6;"https://mara15.com.br/"
"25/09/2022";"18:36:45";2022;"AC";2;"ELEIÇÃO ORDINÁRIA";546;"ELEIÇÕES GERAIS ESTADUAIS 2022";10001639519;2;"https://www.instagram.com/soumara15/"
"25/09/2022";"18:36:45";2022;"AC";2;"ELEIÇÃO ORDINÁRIA";546;"ELEIÇÕES GERAIS ESTADUAIS 2022";10001639519;4;"http://tiktok.com/@soumara15"
"25/09/2022";"18:36:45";2022;"AC";2;"ELEIÇÃO ORDINÁRIA";546;"ELEIÇÕES GERAIS ESTADUAIS 2022";10001639519;8;"https://chat.whatsapp.com/IBVUcA8u5qeEpgdKpvkwa4"
"25/09/2022";"18:36:45";2022;"AC";2;"ELEIÇÃO ORDINÁRIA";546;"ELEIÇÕES GERAIS ESTADUAIS 2022";10001723804;1;"https://instagram.com/eva_galvao_45045"
"25/09/2022";"18:36:45";2022;"AC";2;"ELEIÇÃO ORDINÁRIA";546;"ELEIÇÕES GERAIS ESTADUAIS 2022";10001643318;2;"https://instagram.com/adalicio.ju?igshid=YmMyMTA2M2Y="
"25/09/2022";"18:36:45";2022;"AC";2;"ELEIÇÃO ORDINÁRIA";546;"ELEIÇÕES GERAIS ESTADUAIS 2022";10001643318;3;"https://www.facebook.com/adalicioa"
"25/09/2022";"18:36:45";2022;"AC";2;"ELEIÇÃO ORDINÁRIA";546;"ELEIÇÕES GERAIS ESTADUAIS 2022";10001643318;1;"https://www.facebook.com/adaliciojunioroficial/"
"25/09/2022";"18:36:45";2022;"AC";2;"ELEIÇÃO ORDINÁRIA";546;"ELEIÇÕES GERAIS ESTADUAIS 2022";10001635540;1;"https://www.instagram.com/deputadowagnerfelipe"
"25/09/2022";"18:36:45";2022;"AC";2;"ELEIÇÃO ORDINÁRIA";546;"ELEIÇÕES GERAIS ESTADUAIS 2022";10001606505;1;"https://www.instagram.com/jaquelinemedeirosac/"
"25/09/2022";"18:36:45";2022;"AC";2;"ELEIÇÃO ORDINÁRIA";546;"ELEIÇÕES GERAIS ESTADUAIS 2022";10001606505;2;"https://www.facebook.com/jackellyne.medeiros.1/photos"
"25/09/2022";"18:36:45";2022;"AC";2;"ELEIÇÃO ORDINÁRIA";546;"ELEIÇÕES GERAIS ESTADUAIS 2022";10001614242;1;"https://www.facebook.com/emilsoncbxq"
"25/09/2022";"18:36:45";2022;"AC";2;"ELEIÇÃO ORDINÁRIA";546;"ELEIÇÕES GERAIS ESTADUAIS 2022";10001650032;1;"https://instagram.com/nenemalmeida_ac?igshid=YmMyMTA2M2Y"
"25/09/2022";"18:36:45";2022;"AC";2;"ELEIÇÃO ORDINÁRIA";546;"ELEIÇÕES GERAIS ESTADUAIS 2022";10001650032;2;"https://m.facebook.com/profile.php?id=100002929663506"
"25/09/2022";"18:36:45";2022;"AC";2;"ELEIÇÃO ORDINÁRIA";546;"ELEIÇÕES GERAIS ESTADUAIS 2022";10001655717;1;"https://instagram.com/israelaquila8?igshid=YmMyMTA2M2Y="
"25/09/2022";"18:36:45";2022;"AC";2;"ELEIÇÃO ORDINÁRIA";546;"ELEIÇÕES GERAIS ESTADUAIS 2022";10001655717;2;"https://m.facebook.com/profile.php?id=100002405607782"
"25/09/2022";"18:36:45";2022;"AC";2;"ELEIÇÃO ORDINÁRIA";546;"ELEIÇÕES GERAIS ESTADUAIS 2022";10001643315;2;"https://www.facebook.com/adailtoncruzac"
"25/09/2022";"18:36:45";2022;"AC";2;"ELEIÇÃO ORDINÁRIA";546;"ELEIÇÕES GERAIS ESTADUAIS 2022";10001643315;1;"https://www.instagram.com/adailtoncruzac/"
"25/09/2022";"18:36:45";2022;"AC";2;"ELEIÇÃO ORDINÁRIA";546;"ELEIÇÕES GERAIS ESTADUAIS 2022";10001649318;1;"https://facebook.com/profile.php?iD=100014781488743"
"25/09/2022";"18:36:45";2022;"AC";2;"ELEIÇÃO ORDINÁRIA";546;"ELEIÇÕES GERAIS ESTADUAIS 2022";10001649318;2;"https://instagram.com/preliseusmoreira"
"25/09/2022";"18:36:45";2022;"AC";2;"ELEIÇÃO ORDINÁRIA";546;"ELEIÇÕES GERAIS ESTADUAIS 2022";10001635780;1;"https://instagram.com/cesariobraga?igshid=YmMyMTA2M2Y="
"25/09/2022";"18:36:45";2022;"AC";2;"ELEIÇÃO ORDINÁRIA";546;"ELEIÇÕES GERAIS ESTADUAIS 2022";10001635780;3;"https://twitter.com/cesarioac?s=21&t=fmjJ5RsR3RC7y0ZQhhhrPg"
"25/09/2022";"18:36:45";2022;"AC";2;"ELEIÇÃO ORDINÁRIA";546;"ELEIÇÕES GERAIS ESTADUAIS 2022";10001635780;2;"https://www.facebook.com/cesario.campelobraga"
"25/09/2022";"18:36:45";2022;"AC";2;"ELEIÇÃO ORDINÁRIA";546;"ELEIÇÕES GERAIS ESTADUAIS 2022";10001635541;1;"https://instagram.com/depjamyl"
"25/09/2022";"18:36:45";2022;"AC";2;"ELEIÇÃO ORDINÁRIA";546;"ELEIÇÕES GERAIS ESTADUAIS 2022";10001635541;2;"https://facebook.com/jamylasfury"
"25/09/2022";"18:36:45";2022;"AC";2;"ELEIÇÃO ORDINÁRIA";546;"ELEIÇÕES GERAIS ESTADUAIS 2022";10001731864;1;"https://www.instagram.com/rennanbiths/"
"25/09/2022";"18:36:45";2022;"AC";2;"ELEIÇÃO ORDINÁRIA";546;"ELEIÇÕES GERAIS ESTADUAIS 2022";10001655721;1;"https://instagram.com/arturnetoac?igshid=YmMyMTA2M2Y="
"25/09/2022";"18:36:45";2022;"AC";2;"ELEIÇÃO ORDINÁRIA";546;"ELEIÇÕES GERAIS ESTADUAIS 2022";10001655721;2;"https://m.facebook.com/profile.php?id=100006995917060"
"25/09/2022";"18:36:45";2022;"AC";2;"ELEIÇÃO ORDINÁRIA";546;"ELEIÇÕES GERAIS ESTADUAIS 2022";10001723788;2;"https://www.facebook.com/deputadosgtcadmielbomfim"
"25/09/2022";"18:36:45";2022;"AC";2;"ELEIÇÃO ORDINÁRIA";546;"ELEIÇÕES GERAIS ESTADUAIS 2022";10001723788;3;"https://instagram.com/cadmielbomfim"
"25/09/2022";"18:36:45";2022;"AC";2;"ELEIÇÃO ORDINÁRIA";546;"ELEIÇÕES GERAIS ESTADUAIS 2022";10001723788;1;"https://www.facebook.com/cadmiel.josearaujobomfim"
"25/09/2022";"18:36:45";2022;"AC";2;"ELEIÇÃO ORDINÁRIA";546;"ELEIÇÕES GERAIS ESTADUAIS 2022";10001723800;2;"https://www.facebook.com/luiz.gonzaga45"
"25/09/2022";"18:36:45";2022;"AC";2;"ELEIÇÃO ORDINÁRIA";546;"ELEIÇÕES GERAIS ESTADUAIS 2022";10001723800;1;"https://instagram.com/luizgonzaga45"
"25/09/2022";"18:36:45";2022;"AC";2;"ELEIÇÃO ORDINÁRIA";546;"ELEIÇÕES GERAIS ESTADUAIS 2022";10001643316;2;"https://www.facebook.com/batista.lopes.33"
"25/09/2022";"18:36:45";2022;"AC";2;"ELEIÇÃO ORDINÁRIA";546;"ELEIÇÕES GERAIS ESTADUAIS 2022";10001643316;1;"https://instagram.com/batistaoficial_ac?igshid=YmMyMTA2M2Y="
"25/09/2022";"18:36:45";2022;"AC";2;"ELEIÇÃO ORDINÁRIA";546;"ELEIÇÕES GERAIS ESTADUAIS 2022";10001643427;1;"https://www.facebook.com/mariaantoniapros"
"25/09/2022";"18:36:45";2022;"AC";2;"ELEIÇÃO ORDINÁRIA";546;"ELEIÇÕES GERAIS ESTADUAIS 2022";10001623553;1;"https://www.facebook.com.br/aldenora.ferreira.372"
"25/09/2022";"18:36:45";2022;"AC";2;"ELEIÇÃO ORDINÁRIA";546;"ELEIÇÕES GERAIS ESTADUAIS 2022";10001643699;2;"https://www.facebook.com/isnailda.silva.1"
"25/09/2022";"18:36:45";2022;"AC";2;"ELEIÇÃO ORDINÁRIA";546;"ELEIÇÕES GERAIS ESTADUAIS 2022";10001643699;1;"https://www.instagram.com/eusouisna/"
"25/09/2022";"18:36:45";2022;"AC";2;"ELEIÇÃO ORDINÁRIA";546;"ELEIÇÕES GERAIS ESTADUAIS 2022";10001643704;1;"https://www.instagram.com/maria_damaira/"
"25/09/2022";"18:36:45";2022;"AC";2;"ELEIÇÃO ORDINÁRIA";546;"ELEIÇÕES GERAIS ESTADUAIS 2022";10001643429;1;"https://progressistas.org.br/"
"25/09/2022";"18:36:45";2022;"AC";2;"ELEIÇÃO ORDINÁRIA";546;"ELEIÇÕES GERAIS ESTADUAIS 2022";10001623546;2;"https://www.instagram.com/mirandavanio"
"25/09/2022";"18:36:45";2022;"AC";2;"ELEIÇÃO ORDINÁRIA";546;"ELEIÇÕES GERAIS ESTADUAIS 2022";10001623546;1;"https://www.facebook.com/vaniomiranda"
"25/09/2022";"18:36:45";2022;"AC";2;"ELEIÇÃO ORDINÁRIA";546;"ELEIÇÕES GERAIS ESTADUAIS 2022";10001643852;2;"https://web.facebook.com/lucas.esmyth"
"25/09/2022";"18:36:45";2022;"AC";2;"ELEIÇÃO ORDINÁRIA";546;"ELEIÇÕES GERAIS ESTADUAIS 2022";10001643852;1;"https://www.instagram.com/dr.lucas_esmyth/"
"25/09/2022";"18:36:45";2022;"AC";2;"ELEIÇÃO ORDINÁRIA";546;"ELEIÇÕES GERAIS ESTADUAIS 2022";10001649321;2;"https://instagram.com/tekinhaacre"
"25/09/2022";"18:36:45";2022;"AC";2;"ELEIÇÃO ORDINÁRIA";546;"ELEIÇÕES GERAIS ESTADUAIS 2022";10001649321;1;"https://facebook.com/terezinha.m.araujo"
"25/09/2022";"18:36:45";2022;"AC";2;"ELEIÇÃO ORDINÁRIA";546;"ELEIÇÕES GERAIS ESTADUAIS 2022";10001650029;2;"https://m.facebook.com/profile.php?id=100003087920511"
"25/09/2022";"18:36:45";2022;"AC";2;"ELEIÇÃO ORDINÁRIA";546;"ELEIÇÕES GERAIS ESTADUAIS 2022";10001650029;1;"https://instagram.com/herica_granzotto?igshid=YmMyMTA2M2Y"
"25/09/2022";"18:36:45";2022;"AC";2;"ELEIÇÃO ORDINÁRIA";546;"ELEIÇÕES GERAIS ESTADUAIS 2022";10001635784;5;"https://charles-brasil.financie.de/"
"25/09/2022";"18:36:45";2022;"AC";2;"ELEIÇÃO ORDINÁRIA";546;"ELEIÇÕES GERAIS ESTADUAIS 2022";10001635784;3;"HTTP://TIKTOK.COM/@TOCOMBRASILBRASIL"
"25/09/2022";"18:36:45";2022;"AC";2;"ELEIÇÃO ORDINÁRIA";546;"ELEIÇÕES GERAIS ESTADUAIS 2022";10001635784;4;"HTTPS://WWW.FACEBOOK.COM/REEL/589517035916535?S=CL&FS=E"
"25/09/2022";"18:36:45";2022;"AC";2;"ELEIÇÃO ORDINÁRIA";546;"ELEIÇÕES GERAIS ESTADUAIS 2022";10001635784;2;"HTTP://INSTAGRAM.COM/TOCOMCHARLESBRASIL"
"25/09/2022";"18:36:45";2022;"AC";2;"ELEIÇÃO ORDINÁRIA";546;"ELEIÇÕES GERAIS ESTADUAIS 2022";10001635784;1;"HTTP://FACEBOOK.COM/TOCOMCHARLESBRASIL"
"25/09/2022";"18:36:45";2022;"AC";2;"ELEIÇÃO ORDINÁRIA";546;"ELEIÇÕES GERAIS ESTADUAIS 2022";10001643321;1;"https://instagram.com/marcelo.pimenta1?igshid=YmMyMTA2M2Y="
"25/09/2022";"18:36:45";2022;"AC";2;"ELEIÇÃO ORDINÁRIA";546;"ELEIÇÕES GERAIS ESTADUAIS 2022";10001622773;2;"https://www.instagram.com/eusouitamir/?igshid=YmMyMTA2M2Y%3D"
"25/09/2022";"18:36:45";2022;"AC";2;"ELEIÇÃO ORDINÁRIA";546;"ELEIÇÕES GERAIS ESTADUAIS 2022";10001622773;1;"https://www.facebook.com/eusouitamir"
"25/09/2022";"18:36:45";2022;"AC";2;"ELEIÇÃO ORDINÁRIA";546;"ELEIÇÕES GERAIS ESTADUAIS 2022";10001623545;1;"https://www.instagram.com/railsoestacio"
"25/09/2022";"18:36:45";2022;"AC";2;"ELEIÇÃO ORDINÁRIA";546;"ELEIÇÕES GERAIS ESTADUAIS 2022";10001614245;1;"https://www.instagram.com/nilvasilva_ac/"
"25/09/2022";"18:36:45";2022;"AC";2;"ELEIÇÃO ORDINÁRIA";546;"ELEIÇÕES GERAIS ESTADUAIS 2022";10001614245;2;"https://www.facebook.com/Nilvasilva2019"
"25/09/2022";"18:36:45";2022;"AC";2;"ELEIÇÃO ORDINÁRIA";546;"ELEIÇÕES GERAIS ESTADUAIS 2022";10001643846;1;"https://www.instagram.com/katiaeklcilene95/"
"25/09/2022";"18:36:45";2022;"AC";2;"ELEIÇÃO ORDINÁRIA";546;"ELEIÇÕES GERAIS ESTADUAIS 2022";10001643846;2;"https://www.facebook.com/profile.php?id=100012517478759"
"25/09/2022";"18:36:45";2022;"AC";2;"ELEIÇÃO ORDINÁRIA";546;"ELEIÇÕES GERAIS ESTADUAIS 2022";10001606500;1;"https://www.facebook.com/MSilvaNegocios"
"25/09/2022";"18:36:45";2022;"AC";2;"ELEIÇÃO ORDINÁRIA";546;"ELEIÇÕES GERAIS ESTADUAIS 2022";10001723796;1;"https://instagram.com/dopovotoinho"
"25/09/2022";"18:36:45";2022;"AC";2;"ELEIÇÃO ORDINÁRIA";546;"ELEIÇÕES GERAIS ESTADUAIS 2022";10001649311;1;"https://facebook.com/juscyhelison.oliveirarosatavares"
"25/09/2022";"18:36:45";2022;"AC";2;"ELEIÇÃO ORDINÁRIA";546;"ELEIÇÕES GERAIS ESTADUAIS 2022";10001649316;1;"https://facebook.com/zenilchaves"
"25/09/2022";"18:36:45";2022;"AC";2;"ELEIÇÃO ORDINÁRIA";546;"ELEIÇÕES GERAIS ESTADUAIS 2022";10001643851;1;"https://www.instagram.com/manoelmachado2022/"
"25/09/2022";"18:36:45";2022;"AC";2;"ELEIÇÃO ORDINÁRIA";546;"ELEIÇÕES GERAIS ESTADUAIS 2022";10001643851;2;"https://web.facebook.com/profile.php?id=100082353918723"
"25/09/2022";"18:36:45";2022;"AC";2;"ELEIÇÃO ORDINÁRIA";546;"ELEIÇÕES GERAIS ESTADUAIS 2022";10001614198;2;"https://www.facebook.com/santiagopvh"
"25/09/2022";"18:36:45";2022;"AC";2;"ELEIÇÃO ORDINÁRIA";546;"ELEIÇÕES GERAIS ESTADUAIS 2022";10001614198;1;"https://instagram.com/mariasantiago1300?igshid=YmMyMTA2M2Y="
"25/09/2022";"18:36:45";2022;"AC";2;"ELEIÇÃO ORDINÁRIA";546;"ELEIÇÕES GERAIS ESTADUAIS 2022";10001601444;1;"https://www.instagram.com/kekel_menezes1/"
"25/09/2022";"18:36:45";2022;"AC";2;"ELEIÇÃO ORDINÁRIA";546;"ELEIÇÕES GERAIS ESTADUAIS 2022";10001601444;2;"https://www.facebook.com/cleo.meneses.9"
"25/09/2022";"18:36:45";2022;"AC";2;"ELEIÇÃO ORDINÁRIA";546;"ELEIÇÕES GERAIS ESTADUAIS 2022";10001649410;2;"https://www.tiktok.com/@a_rubby_me_representa?_t=8UkZKuURELm&_r=1"
"25/09/2022";"18:36:45";2022;"AC";2;"ELEIÇÃO ORDINÁRIA";546;"ELEIÇÕES GERAIS ESTADUAIS 2022";10001649410;1;"https://instagram.com/a_rubby_me_representa?igshid=YmMyMTA2M2Y="
"25/09/2022";"18:36:45";2022;"AC";2;"ELEIÇÃO ORDINÁRIA";546;"ELEIÇÕES GERAIS ESTADUAIS 2022";10001649412;2;"https://m.facebook.com/search/top/?q=rizomar%20araujo&ref=content_filter&tsid=0."
"25/09/2022";"18:36:45";2022;"AC";2;"ELEIÇÃO ORDINÁRIA";546;"ELEIÇÕES GERAIS ESTADUAIS 2022";10001649412;1;"https://www.instagram.com/p/ChAoNyLOzzt/?igshid=MDJmNzVkMjY="
"25/09/2022";"18:36:45";2022;"AC";2;"ELEIÇÃO ORDINÁRIA";546;"ELEIÇÕES GERAIS ESTADUAIS 2022";10001622767;2;"https://www.instagram.com/joaquimflorencio9/?igshid=YmMyMTA2M2Y="
"25/09/2022";"18:36:45";2022;"AC";2;"ELEIÇÃO ORDINÁRIA";546;"ELEIÇÕES GERAIS ESTADUAIS 2022";10001622767;1;"https://www.facebook.com/people/Joaquim-Florencio/100009253364844"
"25/09/2022";"18:36:45";2022;"AC";2;"ELEIÇÃO ORDINÁRIA";546;"ELEIÇÕES GERAIS ESTADUAIS 2022";10001643706;1;"https://facebook.com/marciaebittar"
"25/09/2022";"18:36:45";2022;"AC";2;"ELEIÇÃO ORDINÁRIA";546;"ELEIÇÕES GERAIS ESTADUAIS 2022";10001643706;2;"https://instagram.com/marciaebittar"
"25/09/2022";"18:36:45";2022;"AC";2;"ELEIÇÃO ORDINÁRIA";546;"ELEIÇÕES GERAIS ESTADUAIS 2022";10001649309;1;"https://facebook.com/luziel.carvalho"
"25/09/2022";"18:36:45";2022;"AC";2;"ELEIÇÃO ORDINÁRIA";546;"ELEIÇÕES GERAIS ESTADUAIS 2022";10001649309;2;"https://instagram.com/luziel.carvalho"
"25/09/2022";"18:36:45";2022;"AC";2;"ELEIÇÃO ORDINÁRIA";546;"ELEIÇÕES GERAIS ESTADUAIS 2022";10001650028;1;"https://instagram.com/herica_granzotto?igshid=YmMyMTA2M2Y"
"25/09/2022";"18:36:45";2022;"AC";2;"ELEIÇÃO ORDINÁRIA";546;"ELEIÇÕES GERAIS ESTADUAIS 2022";10001623440;2;"https://www.instagram.com/marciobittar_"
"25/09/2022";"18:36:45";2022;"AC";2;"ELEIÇÃO ORDINÁRIA";546;"ELEIÇÕES GERAIS ESTADUAIS 2022";10001623440;1;"https://www.facebook.com/marciobittaroficial"
"25/09/2022";"18:36:45";2022;"AC";2;"ELEIÇÃO ORDINÁRIA";546;"ELEIÇÕES GERAIS ESTADUAIS 2022";10001643438;1;"https://www.facebook.com/karlosjunioor.andrade"
"25/09/2022";"18:36:45";2022;"AC";2;"ELEIÇÃO ORDINÁRIA";546;"ELEIÇÕES GERAIS ESTADUAIS 2022";10001612485;1;"https://facebook.com.br/emilio.virgilio.714"
"25/09/2022";"18:36:45";2022;"AC";2;"ELEIÇÃO ORDINÁRIA";546;"ELEIÇÕES GERAIS ESTADUAIS 2022";10001649329;1;"https://instagram.com/pinheiro.wania"
"25/09/2022";"18:36:45";2022;"AC";2;"ELEIÇÃO ORDINÁRIA";546;"ELEIÇÕES GERAIS ESTADUAIS 2022";10001649414;1;"https://www.facebook.com/gerranio.aguiar.3"
"25/09/2022";"18:36:45";2022;"AC";2;"ELEIÇÃO ORDINÁRIA";546;"ELEIÇÕES GERAIS ESTADUAIS 2022";10001643855;2;"https://www.instagram.com/moisesdiniz.acre/"
"25/09/2022";"18:36:45";2022;"AC";2;"ELEIÇÃO ORDINÁRIA";546;"ELEIÇÕES GERAIS ESTADUAIS 2022";10001643855;1;"https://www.facebook.com/moisesdinizlima"
"25/09/2022";"18:36:45";2022;"AC";2;"ELEIÇÃO ORDINÁRIA";546;"ELEIÇÕES GERAIS ESTADUAIS 2022";10001714549;1;"https://www.instagram.com/michelcasagrande"
"25/09/2022";"18:36:45";2022;"AC";2;"ELEIÇÃO ORDINÁRIA";546;"ELEIÇÕES GERAIS ESTADUAIS 2022";10001655720;2;"https://www.facebook.com/dr.rodrigodamascenoac"
"25/09/2022";"18:36:45";2022;"AC";2;"ELEIÇÃO ORDINÁRIA";546;"ELEIÇÕES GERAIS ESTADUAIS 2022";10001655720;1;"https://www.instagram.com/dr.rodrigodamasceno/"
"25/09/2022";"18:36:45";2022;"AC";2;"ELEIÇÃO ORDINÁRIA";546;"ELEIÇÕES GERAIS ESTADUAIS 2022";10001643330;1;"https://instagram.com/rayqueiroz001?igshid=YmMyMTA2M2Y="
"25/09/2022";"18:36:45";2022;"AC";2;"ELEIÇÃO ORDINÁRIA";546;"ELEIÇÕES GERAIS ESTADUAIS 2022";10001643330;2;"https://www.facebook.com/profile.php?id=100009310746898"
"25/09/2022";"18:36:45";2022;"AC";2;"ELEIÇÃO ORDINÁRIA";546;"ELEIÇÕES GERAIS ESTADUAIS 2022";10001650034;1;"https://instagram.com/arnaldotatiane?igshid=YmMyMTA2M2Y"
"25/09/2022";"18:36:45";2022;"AC";2;"ELEIÇÃO ORDINÁRIA";546;"ELEIÇÕES GERAIS ESTADUAIS 2022";10001650034;2;"https://m.facebook.com/profile.php?id=100002470918282"
"25/09/2022";"18:36:45";2022;"AC";2;"ELEIÇÃO ORDINÁRIA";546;"ELEIÇÕES GERAIS ESTADUAIS 2022";10001614246;1;"https://www.instagram.com/jinkingsmelo/"
"25/09/2022";"18:36:45";2022;"AC";2;"ELEIÇÃO ORDINÁRIA";546;"ELEIÇÕES GERAIS ESTADUAIS 2022";10001614246;2;"https://www.facebook.com/jinkingsdemelom"
"25/09/2022";"18:36:45";2022;"AC";2;"ELEIÇÃO ORDINÁRIA";546;"ELEIÇÕES GERAIS ESTADUAIS 2022";10001635769;3;"https://twitter.com/jmanchineri?s=11&t=23vLa3eHPEc0PlRfeIcCIw"
"25/09/2022";"18:36:45";2022;"AC";2;"ELEIÇÃO ORDINÁRIA";546;"ELEIÇÕES GERAIS ESTADUAIS 2022";10001635769;1;"https://www.instagram/jmanchineri"
"25/09/2022";"18:36:45";2022;"AC";2;"ELEIÇÃO ORDINÁRIA";546;"ELEIÇÕES GERAIS ESTADUAIS 2022";10001635769;2;"https://www.facebook.com/junior.manchineri"
"25/09/2022";"18:36:45";2022;"AC";2;"ELEIÇÃO ORDINÁRIA";546;"ELEIÇÕES GERAIS ESTADUAIS 2022";10001623540;1;"https://www.facebook.com/socorro.amorim.161"
"25/09/2022";"18:36:45";2022;"AC";2;"ELEIÇÃO ORDINÁRIA";546;"ELEIÇÕES GERAIS ESTADUAIS 2022";10001601430;3;"https://twitter.com/eduribeiroac"
"25/09/2022";"18:36:45";2022;"AC";2;"ELEIÇÃO ORDINÁRIA";546;"ELEIÇÕES GERAIS ESTADUAIS 2022";10001601430;2;"https://www.facebook.com/eduribeiroac/"
"25/09/2022";"18:36:45";2022;"AC";2;"ELEIÇÃO ORDINÁRIA";546;"ELEIÇÕES GERAIS ESTADUAIS 2022";10001601430;1;"https://www.instagram.com/eduribeiroac/"
"25/09/2022";"18:36:45";2022;"AC";2;"ELEIÇÃO ORDINÁRIA";546;"ELEIÇÕES GERAIS ESTADUAIS 2022";10001606502;1;"https://www.facebook.com/adalberto.sousadealmeida"
"25/09/2022";"18:36:45";2022;"AC";2;"ELEIÇÃO ORDINÁRIA";546;"ELEIÇÕES GERAIS ESTADUAIS 2022";10001606502;2;"https://www.instagram.com/adalbertosousadealmeida/"
"25/09/2022";"18:36:45";2022;"AC";2;"ELEIÇÃO ORDINÁRIA";546;"ELEIÇÕES GERAIS ESTADUAIS 2022";10001635778;3;"https://www.youtube.com/c/DanielZenDoAcre"
"25/09/2022";"18:36:45";2022;"AC";2;"ELEIÇÃO ORDINÁRIA";546;"ELEIÇÕES GERAIS ESTADUAIS 2022";10001635778;1;"https://www.instagram.com/danielzendoacre/"
"25/09/2022";"18:36:45";2022;"AC";2;"ELEIÇÃO ORDINÁRIA";546;"ELEIÇÕES GERAIS ESTADUAIS 2022";10001635778;2;"https://www.facebook.com/search/top?q=daniel%20zen"
"25/09/2022";"18:36:45";2022;"AC";2;"ELEIÇÃO ORDINÁRIA";546;"ELEIÇÕES GERAIS ESTADUAIS 2022";10001635778;4;"https://twitter.com/danielzendoacre?t=WirNvto22qQdEpj2Ib6npg&s=09"
"25/09/2022";"18:36:45";2022;"AC";2;"ELEIÇÃO ORDINÁRIA";546;"ELEIÇÕES GERAIS ESTADUAIS 2022";10001621647;1;"https://instagram.com/dr_nogueira?igshid=YmMyMTA2M2Y="
"25/09/2022";"18:36:45";2022;"AC";2;"ELEIÇÃO ORDINÁRIA";546;"ELEIÇÕES GERAIS ESTADUAIS 2022";10001649256;2;"https://www.facebook.com/NeyAmorimac"
"25/09/2022";"18:36:45";2022;"AC";2;"ELEIÇÃO ORDINÁRIA";546;"ELEIÇÕES GERAIS ESTADUAIS 2022";10001649256;4;"https://t.me/neyamorim19"
"25/09/2022";"18:36:45";2022;"AC";2;"ELEIÇÃO ORDINÁRIA";546;"ELEIÇÕES GERAIS ESTADUAIS 2022";10001649256;5;"https://twitter.com/neyamorimac"
"25/09/2022";"18:36:45";2022;"AC";2;"ELEIÇÃO ORDINÁRIA";546;"ELEIÇÕES GERAIS ESTADUAIS 2022";10001649256;1;"https://www.instagram.com/neyamorimac/"
"25/09/2022";"18:36:45";2022;"AC";2;"ELEIÇÃO ORDINÁRIA";546;"ELEIÇÕES GERAIS ESTADUAIS 2022";10001649256;3;"https://www.neyamorim.com/"
"25/09/2022";"18:36:45";2022;"AC";2;"ELEIÇÃO ORDINÁRIA";546;"ELEIÇÕES GERAIS ESTADUAIS 2022";10001649256;6;"https://www.youtube.com/channel/UCXz9Lj3cPxSdEC8vXx-N0BQ"
"25/09/2022";"18:36:45";2022;"AC";2;"ELEIÇÃO ORDINÁRIA";546;"ELEIÇÕES GERAIS ESTADUAIS 2022";10001649256;8;"https://api.whatsapp.com/send?phone=11999023378"
"25/09/2022";"18:36:45";2022;"AC";2;"ELEIÇÃO ORDINÁRIA";546;"ELEIÇÕES GERAIS ESTADUAIS 2022";10001649256;7;"https://www.tiktok.com/@neyamorim19"
"25/09/2022";"18:36:45";2022;"AC";2;"ELEIÇÃO ORDINÁRIA";546;"ELEIÇÕES GERAIS ESTADUAIS 2022";10001643544;3;"https://www.instagram.com/nazarearaujoac/?igshid=NDRkN2NkYzU%3D"
"25/09/2022";"18:36:45";2022;"AC";2;"ELEIÇÃO ORDINÁRIA";546;"ELEIÇÕES GERAIS ESTADUAIS 2022";10001643544;6;"https://www.tiktok.com/@nazarearaujoac"
"25/09/2022";"18:36:45";2022;"AC";2;"ELEIÇÃO ORDINÁRIA";546;"ELEIÇÕES GERAIS ESTADUAIS 2022";10001643544;2;"http://nazarearaujoac.com.br/"
"25/09/2022";"18:36:45";2022;"AC";2;"ELEIÇÃO ORDINÁRIA";546;"ELEIÇÕES GERAIS ESTADUAIS 2022";10001643544;8;"https://www.instagram.com/nazarearaujo131/?igshid=YmMyMTA2M2Y%3D"
"25/09/2022";"18:36:45";2022;"AC";2;"ELEIÇÃO ORDINÁRIA";546;"ELEIÇÕES GERAIS ESTADUAIS 2022";10001643544;5;"https://twitter.com/nazarearaujoac/"
"25/09/2022";"18:36:45";2022;"AC";2;"ELEIÇÃO ORDINÁRIA";546;"ELEIÇÕES GERAIS ESTADUAIS 2022";10001643544;1;"https://www.youtube.com/channel/UC5RKhSx-jIawBvI8kv1hXhQ"
"25/09/2022";"18:36:45";2022;"AC";2;"ELEIÇÃO ORDINÁRIA";546;"ELEIÇÕES GERAIS ESTADUAIS 2022";10001643544;7;"https://www.facebook.com/people/Nazar%C3%A9-Ara%C3%BAjo-131/100085764061533/"
"25/09/2022";"18:36:45";2022;"AC";2;"ELEIÇÃO ORDINÁRIA";546;"ELEIÇÕES GERAIS ESTADUAIS 2022";10001643544;4;"https://www.facebook.com/nazarearaujoac"
"25/09/2022";"18:36:45";2022;"AC";2;"ELEIÇÃO ORDINÁRIA";546;"ELEIÇÕES GERAIS ESTADUAIS 2022";10001614243;1;"https://www.facebook.com/saraivagama36"
"25/09/2022";"18:36:45";2022;"AC";2;"ELEIÇÃO ORDINÁRIA";546;"ELEIÇÕES GERAIS ESTADUAIS 2022";10001612491;3;"https://www.facebook.com.br/mirla.miranda"
"25/09/2022";"18:36:45";2022;"AC";2;"ELEIÇÃO ORDINÁRIA";546;"ELEIÇÕES GERAIS ESTADUAIS 2022";10001612491;1;"https://www.mirlamiranda.com.br"
"25/09/2022";"18:36:45";2022;"AC";2;"ELEIÇÃO ORDINÁRIA";546;"ELEIÇÕES GERAIS ESTADUAIS 2022";10001612491;2;"https://www.instagram.com/mirlamiranda"
"25/09/2022";"18:36:45";2022;"AC";2;"ELEIÇÃO ORDINÁRIA";546;"ELEIÇÕES GERAIS ESTADUAIS 2022";10001642333;1;"https://www.facebook.com/dep.jessicasales"
"25/09/2022";"18:36:45";2022;"AC";2;"ELEIÇÃO ORDINÁRIA";546;"ELEIÇÕES GERAIS ESTADUAIS 2022";10001606510;2;"https://www.facebook.com/tonny.nascimento.3"
"25/09/2022";"18:36:45";2022;"AC";2;"ELEIÇÃO ORDINÁRIA";546;"ELEIÇÕES GERAIS ESTADUAIS 2022";10001606510;1;"https://www.instagram.com/tonny5350/"
"25/09/2022";"18:36:45";2022;"AC";2;"ELEIÇÃO ORDINÁRIA";546;"ELEIÇÕES GERAIS ESTADUAIS 2022";10001649409;2;"https://m.facebook.com/profile.php?id=100001403254761"
"25/09/2022";"18:36:45";2022;"AC";2;"ELEIÇÃO ORDINÁRIA";546;"ELEIÇÕES GERAIS ESTADUAIS 2022";10001649409;1;"https://instagram.com/lauro_benigno?igshid=YmMyMTA2M2Y="
"25/09/2022";"18:36:45";2022;"AC";2;"ELEIÇÃO ORDINÁRIA";546;"ELEIÇÕES GERAIS ESTADUAIS 2022";10001623538;1;"https://www.facebook.com.br/francineudocosta"
"25/09/2022";"18:36:45";2022;"AC";2;"ELEIÇÃO ORDINÁRIA";546;"ELEIÇÕES GERAIS ESTADUAIS 2022";10001623538;2;"https://instagram.com/francineudocosta"
"25/09/2022";"18:36:45";2022;"AC";2;"ELEIÇÃO ORDINÁRIA";546;"ELEIÇÕES GERAIS ESTADUAIS 2022";10001606307;5;"https://www.instagram.com/odavidhall36/"
"25/09/2022";"18:36:45";2022;"AC";2;"ELEIÇÃO ORDINÁRIA";546;"ELEIÇÕES GERAIS ESTADUAIS 2022";10001606307;6;"https://tiktok.com/@profdavidhall"
"25/09/2022";"18:36:45";2022;"AC";2;"ELEIÇÃO ORDINÁRIA";546;"ELEIÇÕES GERAIS ESTADUAIS 2022";10001606307;3;"https://twitter.com/odavidhall36"
"25/09/2022";"18:36:45";2022;"AC";2;"ELEIÇÃO ORDINÁRIA";546;"ELEIÇÕES GERAIS ESTADUAIS 2022";10001606307;1;"https://www.facebook.com/odavidhall36/"
"25/09/2022";"18:36:45";2022;"AC";2;"ELEIÇÃO ORDINÁRIA";546;"ELEIÇÕES GERAIS ESTADUAIS 2022";10001606307;4;"https://www.linkedin.com/in/odavidhall36/"
"25/09/2022";"18:36:45";2022;"AC";2;"ELEIÇÃO ORDINÁRIA";546;"ELEIÇÕES GERAIS ESTADUAIS 2022";10001606307;2;"https://www.davidhall.com.br/"
"25/09/2022";"18:36:45";2022;"AC";2;"ELEIÇÃO ORDINÁRIA";546;"ELEIÇÕES GERAIS ESTADUAIS 2022";10001612484;1;"https://facebook.com.br/eduardovelloso"
"25/09/2022";"18:36:45";2022;"AC";2;"ELEIÇÃO ORDINÁRIA";546;"ELEIÇÕES GERAIS ESTADUAIS 2022";10001612484;2;"https://instagran.com/dr.eduardovelloso"
"25/09/2022";"18:36:45";2022;"AC";2;"ELEIÇÃO ORDINÁRIA";546;"ELEIÇÕES GERAIS ESTADUAIS 2022";10001649315;1;"https://facebook.com/roseane.manasfi"
"25/09/2022";"18:36:45";2022;"AC";2;"ELEIÇÃO ORDINÁRIA";546;"ELEIÇÕES GERAIS ESTADUAIS 2022";10001649324;1;"https://facebook.com/evaniely.dantas"
"25/09/2022";"18:36:45";2022;"AC";2;"ELEIÇÃO ORDINÁRIA";546;"ELEIÇÕES GERAIS ESTADUAIS 2022";10001649324;2;"https://instagram.com/dantas_evaniely"
"25/09/2022";"18:36:45";2022;"AC";2;"ELEIÇÃO ORDINÁRIA";546;"ELEIÇÕES GERAIS ESTADUAIS 2022";10001614240;1;"https://www.facebook.com/jhonathan.martins.549"
"25/09/2022";"18:36:45";2022;"AC";2;"ELEIÇÃO ORDINÁRIA";546;"ELEIÇÕES GERAIS ESTADUAIS 2022";10001614240;2;"https://www.instagram.com/jhon_mcosta/"
"25/09/2022";"18:36:45";2022;"AC";2;"ELEIÇÃO ORDINÁRIA";546;"ELEIÇÕES GERAIS ESTADUAIS 2022";10001643703;1;"https://www.facebook.com/edicelularriobranco"
"25/09/2022";"18:36:45";2022;"AC";2;"ELEIÇÃO ORDINÁRIA";546;"ELEIÇÕES GERAIS ESTADUAIS 2022";10001716343;2;"https://www.facebook.com/joaoricardo.peresleorne.54"
"25/09/2022";"18:36:45";2022;"AC";2;"ELEIÇÃO ORDINÁRIA";546;"ELEIÇÕES GERAIS ESTADUAIS 2022";10001716343;1;"https://instagram.com/jleorne"
"25/09/2022";"18:36:45";2022;"AC";2;"ELEIÇÃO ORDINÁRIA";546;"ELEIÇÕES GERAIS ESTADUAIS 2022";10001623537;1;"https://www.facebook.com.br/marciaabreusilva"
"25/09/2022";"18:36:45";2022;"AC";2;"ELEIÇÃO ORDINÁRIA";546;"ELEIÇÕES GERAIS ESTADUAIS 2022";10001655719;1;"https://www.facebook.com/loy.rego.1"
"25/09/2022";"18:36:45";2022;"AC";2;"ELEIÇÃO ORDINÁRIA";546;"ELEIÇÕES GERAIS ESTADUAIS 2022";10001621643;1;"https://www.instagram.com/socorro_neri/"
"25/09/2022";"18:36:45";2022;"AC";2;"ELEIÇÃO ORDINÁRIA";546;"ELEIÇÕES GERAIS ESTADUAIS 2022";10001621651;1;"https://instagram.com/dr.edsonbraga?igshid=YmMyMTA2M2Y="
"25/09/2022";"18:36:45";2022;"AC";2;"ELEIÇÃO ORDINÁRIA";546;"ELEIÇÕES GERAIS ESTADUAIS 2022";10001643430;1;"https://progressistas.org.br/"
"25/09/2022";"18:36:45";2022;"AC";2;"ELEIÇÃO ORDINÁRIA";546;"ELEIÇÕES GERAIS ESTADUAIS 2022";10001649416;1;"https://instagram.com/barao_evandro?igshid=YmMyMTA2M2Y="
"25/09/2022";"18:36:45";2022;"AC";2;"ELEIÇÃO ORDINÁRIA";546;"ELEIÇÕES GERAIS ESTADUAIS 2022";10001642327;1;"https://www.emersonjarude.com.br/"
"25/09/2022";"18:36:45";2022;"AC";2;"ELEIÇÃO ORDINÁRIA";546;"ELEIÇÕES GERAIS ESTADUAIS 2022";10001623544;1;"https://www.facebook.com.br/otonsales.94"
"25/09/2022";"18:36:45";2022;"AC";2;"ELEIÇÃO ORDINÁRIA";546;"ELEIÇÕES GERAIS ESTADUAIS 2022";10001643845;2;"https://www.facebook.com/mariomarcelobrilhante.brilhante.9"
"25/09/2022";"18:36:45";2022;"AC";2;"ELEIÇÃO ORDINÁRIA";546;"ELEIÇÕES GERAIS ESTADUAIS 2022";10001643845;1;"https://www.instagram.com/brilhofacil/"
"25/09/2022";"18:36:45";2022;"AC";2;"ELEIÇÃO ORDINÁRIA";546;"ELEIÇÕES GERAIS ESTADUAIS 2022";10001655723;1;"https://instagram.com/ludmillakvalcante?igshid=YmMyMTA2M2Y="
"25/09/2022";"18:36:45";2022;"AC";2;"ELEIÇÃO ORDINÁRIA";546;"ELEIÇÕES GERAIS ESTADUAIS 2022";10001655723;2;"https://twitter.com/ludkvalcante?ref_src=twsrc%5Egoogle%7Ctwcamp%5Eserp%7Ctwgr%5Eauthor"
"25/09/2022";"18:36:45";2022;"AC";2;"ELEIÇÃO ORDINÁRIA";546;"ELEIÇÕES GERAIS ESTADUAIS 2022";10001643322;2;"https://instagram.com/ronaltti_?igshid=YmMyMTA2M2Y="
"25/09/2022";"18:36:45";2022;"AC";2;"ELEIÇÃO ORDINÁRIA";546;"ELEIÇÕES GERAIS ESTADUAIS 2022";10001643322;1;"https://www.facebook.com/ronaltti/"
"25/09/2022";"18:36:45";2022;"AC";2;"ELEIÇÃO ORDINÁRIA";546;"ELEIÇÕES GERAIS ESTADUAIS 2022";10001649326;1;"https://facebook.com/arlenilson.cunha.5"
"25/09/2022";"18:36:45";2022;"AC";2;"ELEIÇÃO ORDINÁRIA";546;"ELEIÇÕES GERAIS ESTADUAIS 2022";10001649326;2;"https://instagram.com/arlenilsoncunha"
"25/09/2022";"18:36:45";2022;"AC";2;"ELEIÇÃO ORDINÁRIA";546;"ELEIÇÕES GERAIS ESTADUAIS 2022";10001635543;1;"https://facebook.com/geanaferreiralima.ferreira"
"25/09/2022";"18:36:45";2022;"AC";2;"ELEIÇÃO ORDINÁRIA";546;"ELEIÇÕES GERAIS ESTADUAIS 2022";10001635543;2;"https://www.instagram.com/geanaferreiralimaferreira"
"25/09/2022";"18:36:45";2022;"AC";2;"ELEIÇÃO ORDINÁRIA";546;"ELEIÇÕES GERAIS ESTADUAIS 2022";10001606495;1;"https://www.instagram.com/ivanderlice/"
"25/09/2022";"18:36:45";2022;"AC";2;"ELEIÇÃO ORDINÁRIA";546;"ELEIÇÕES GERAIS ESTADUAIS 2022";10001606495;2;"https://www.facebook.com/ivanderlice.frota.9"
"25/09/2022";"18:36:45";2022;"AC";2;"ELEIÇÃO ORDINÁRIA";546;"ELEIÇÕES GERAIS ESTADUAIS 2022";10001649328;1;"https://facebook.com/franciscolabibiano.labibiano"
"25/09/2022";"18:36:45";2022;"AC";2;"ELEIÇÃO ORDINÁRIA";546;"ELEIÇÕES GERAIS ESTADUAIS 2022";10001649328;2;"https://instagram.com/franciscolabibiano"
"25/09/2022";"18:36:45";2022;"AC";2;"ELEIÇÃO ORDINÁRIA";546;"ELEIÇÕES GERAIS ESTADUAIS 2022";10001612486;1;"https://www.instagram.com/dep.meireserafim"
"25/09/2022";"18:36:45";2022;"AC";2;"ELEIÇÃO ORDINÁRIA";546;"ELEIÇÕES GERAIS ESTADUAIS 2022";10001649411;7;"https://t.me/+zfIJAsFX9dwwNmI5"
"25/09/2022";"18:36:45";2022;"AC";2;"ELEIÇÃO ORDINÁRIA";546;"ELEIÇÕES GERAIS ESTADUAIS 2022";10001649411;1;"https://www.thordantas.com.br"
"25/09/2022";"18:36:45";2022;"AC";2;"ELEIÇÃO ORDINÁRIA";546;"ELEIÇÕES GERAIS ESTADUAIS 2022";10001649411;2;"https://www.tiktok.com/@drthordantas?_t=8UjGZEJGqhS&_r=1"
"25/09/2022";"18:36:45";2022;"AC";2;"ELEIÇÃO ORDINÁRIA";546;"ELEIÇÕES GERAIS ESTADUAIS 2022";10001649411;5;"https://twitter.com/thor_dantas?t=uUnkWu-ADK6jnkYTY_hbeQ&s=09"
"25/09/2022";"18:36:45";2022;"AC";2;"ELEIÇÃO ORDINÁRIA";546;"ELEIÇÕES GERAIS ESTADUAIS 2022";10001649411;4;"https://instagram.com/dantasthor?igshid=YmMyMTA2M2Y="
"25/09/2022";"18:36:45";2022;"AC";2;"ELEIÇÃO ORDINÁRIA";546;"ELEIÇÕES GERAIS ESTADUAIS 2022";10001649411;3;"https://www.facebook.com/DrThorDatas"
"25/09/2022";"18:36:45";2022;"AC";2;"ELEIÇÃO ORDINÁRIA";546;"ELEIÇÕES GERAIS ESTADUAIS 2022";10001649411;6;"https://youtube.com/channel/UCvZsfxkPA3MTXsf1-HZMbrA"
"25/09/2022";"18:36:45";2022;"AC";2;"ELEIÇÃO ORDINÁRIA";546;"ELEIÇÕES GERAIS ESTADUAIS 2022";10001649417;1;"https://instagram.com/kellyquele?igshid=YmMyMTA2M2Y="
"25/09/2022";"18:36:45";2022;"AC";2;"ELEIÇÃO ORDINÁRIA";546;"ELEIÇÕES GERAIS ESTADUAIS 2022";10001650031;2;"https://m.facebook.com/profile.php?id=1302784831"
"25/09/2022";"18:36:45";2022;"AC";2;"ELEIÇÃO ORDINÁRIA";546;"ELEIÇÕES GERAIS ESTADUAIS 2022";10001650031;1;"https://instagram.com/betemiranda19?igshid=YmMyMTA2M2Y"
"25/09/2022";"18:36:45";2022;"AC";2;"ELEIÇÃO ORDINÁRIA";546;"ELEIÇÕES GERAIS ESTADUAIS 2022";10001635528;1;"https://www.instagram.com/claudinhapinnho"
"25/09/2022";"18:36:45";2022;"AC";2;"ELEIÇÃO ORDINÁRIA";546;"ELEIÇÕES GERAIS ESTADUAIS 2022";10001723808;1;"https://www.facebook.com/terezinha.rodrigues.56027"
"25/09/2022";"18:36:45";2022;"AC";2;"ELEIÇÃO ORDINÁRIA";546;"ELEIÇÕES GERAIS ESTADUAIS 2022";10001723808;2;"https://instagram.com/te.rezinha46"
"25/09/2022";"18:36:45";2022;"AC";2;"ELEIÇÃO ORDINÁRIA";546;"ELEIÇÕES GERAIS ESTADUAIS 2022";10001649330;2;"https://facebook.com/joselopesac"
"25/09/2022";"18:36:45";2022;"AC";2;"ELEIÇÃO ORDINÁRIA";546;"ELEIÇÕES GERAIS ESTADUAIS 2022";10001649330;1;"https://instagram.com/zelopesac"
"25/09/2022";"18:36:45";2022;"AC";2;"ELEIÇÃO ORDINÁRIA";546;"ELEIÇÕES GERAIS ESTADUAIS 2022";10001716348;2;"https://instagram.com/carlosleandrodacosta"
"25/09/2022";"18:36:45";2022;"AC";2;"ELEIÇÃO ORDINÁRIA";546;"ELEIÇÕES GERAIS ESTADUAIS 2022";10001716348;1;"https://www.facebook.com/carlos.leandro.96"
"25/09/2022";"18:36:45";2022;"AC";2;"ELEIÇÃO ORDINÁRIA";546;"ELEIÇÕES GERAIS ESTADUAIS 2022";10001643859;1;"https://www.instagram.com/sida_mercantilsp/"
"25/09/2022";"18:36:45";2022;"AC";2;"ELEIÇÃO ORDINÁRIA";546;"ELEIÇÕES GERAIS ESTADUAIS 2022";10001606513;1;"https://www.facebook.com/mariaeulalia.juca"
"25/09/2022";"18:36:45";2022;"AC";2;"ELEIÇÃO ORDINÁRIA";546;"ELEIÇÕES GERAIS ESTADUAIS 2022";10001606513;2;"https://www.instagram.com/mariaeulaliacosta/"
"25/09/2022";"18:36:45";2022;"AC";2;"ELEIÇÃO ORDINÁRIA";546;"ELEIÇÕES GERAIS ESTADUAIS 2022";10001635770;2;"https://instagram.com/marcelo.macedo13"
"25/09/2022";"18:36:45";2022;"AC";2;"ELEIÇÃO ORDINÁRIA";546;"ELEIÇÕES GERAIS ESTADUAIS 2022";10001635770;1;"https://www.facebook.com/marcelo.macedo13"
"25/09/2022";"18:36:45";2022;"AC";2;"ELEIÇÃO ORDINÁRIA";546;"ELEIÇÕES GERAIS ESTADUAIS 2022";10001643442;1;"https://progressistas.org.br/"
"25/09/2022";"18:36:45";2022;"AC";2;"ELEIÇÃO ORDINÁRIA";546;"ELEIÇÕES GERAIS ESTADUAIS 2022";10001723794;1;"https://facebook.com/profile.php"
"25/09/2022";"18:36:45";2022;"AC";2;"ELEIÇÃO ORDINÁRIA";546;"ELEIÇÕES GERAIS ESTADUAIS 2022";10001649319;1;"https://instagram.com/drafabiolahelena"
"25/09/2022";"18:36:45";2022;"AC";2;"ELEIÇÃO ORDINÁRIA";546;"ELEIÇÕES GERAIS ESTADUAIS 2022";10001643436;1;"https://progressistas.org.br/"
"25/09/2022";"18:36:45";2022;"AC";2;"ELEIÇÃO ORDINÁRIA";546;"ELEIÇÕES GERAIS ESTADUAIS 2022";10001723801;1;"https://facebook.com/nilton.melo.5209"
"25/09/2022";"18:36:45";2022;"AC";2;"ELEIÇÃO ORDINÁRIA";546;"ELEIÇÕES GERAIS ESTADUAIS 2022";10001614247;1;"https://www.instagram.com/uzirsantosdelima/"
"25/09/2022";"18:36:45";2022;"AC";2;"ELEIÇÃO ORDINÁRIA";546;"ELEIÇÕES GERAIS ESTADUAIS 2022";10001614247;2;"https://www.facebook.com/uzir.santosdelima"
"25/09/2022";"18:36:45";2022;"AC";2;"ELEIÇÃO ORDINÁRIA";546;"ELEIÇÕES GERAIS ESTADUAIS 2022";10001614248;1;"https://www.facebook.com/soraia.ramalho.50"
"25/09/2022";"18:36:45";2022;"AC";2;"ELEIÇÃO ORDINÁRIA";546;"ELEIÇÕES GERAIS ESTADUAIS 2022";10001614248;2;"https://www.instagram.com/soraiaramalhoac/"
"25/09/2022";"18:36:45";2022;"AC";2;"ELEIÇÃO ORDINÁRIA";546;"ELEIÇÕES GERAIS ESTADUAIS 2022";10001621644;1;"https://instagram.com/vereadora.socorroformiga?igshid=YmMyMTA2M2Y="
"25/09/2022";"18:36:45";2022;"AC";2;"ELEIÇÃO ORDINÁRIA";546;"ELEIÇÕES GERAIS ESTADUAIS 2022";10001643317;1;"https://instagram.com/m40soldadofiel?igshid=YmMyMTA2M2Y="
"25/09/2022";"18:36:45";2022;"AC";2;"ELEIÇÃO ORDINÁRIA";546;"ELEIÇÕES GERAIS ESTADUAIS 2022";10001643433;1;"https://instagram.com/arlete.amaral.754?igshid=YmMyMTA2M2Y="
"25/09/2022";"18:36:45";2022;"AC";2;"ELEIÇÃO ORDINÁRIA";546;"ELEIÇÕES GERAIS ESTADUAIS 2022";10001655724;1;"https://www.instagram.com/marcelobimbioficial/"
"25/09/2022";"18:36:45";2022;"AC";2;"ELEIÇÃO ORDINÁRIA";546;"ELEIÇÕES GERAIS ESTADUAIS 2022";10001655724;2;"https://pt-br.facebook.com/people/Marcelo-Bimbi/100044372321740/"
"25/09/2022";"18:36:45";2022;"AC";2;"ELEIÇÃO ORDINÁRIA";546;"ELEIÇÕES GERAIS ESTADUAIS 2022";10001612488;1;"https://facebook.com.br/fabiogoncalvesderueda"
"25/09/2022";"18:36:45";2022;"AC";2;"ELEIÇÃO ORDINÁRIA";546;"ELEIÇÕES GERAIS ESTADUAIS 2022";10001612488;2;"https://instagram.com/fabioruedaoficial"
"25/09/2022";"18:36:45";2022;"AC";2;"ELEIÇÃO ORDINÁRIA";546;"ELEIÇÕES GERAIS ESTADUAIS 2022";10001606503;1;"https://www.facebook.com/erlan.nogueirademoura"
"25/09/2022";"18:36:45";2022;"AC";2;"ELEIÇÃO ORDINÁRIA";546;"ELEIÇÕES GERAIS ESTADUAIS 2022";10001606503;2;"https://www.instagram.com/erlannogueiramoura/"
"25/09/2022";"18:36:45";2022;"AC";2;"ELEIÇÃO ORDINÁRIA";546;"ELEIÇÕES GERAIS ESTADUAIS 2022";10001643698;1;"https://www.facebook.com/anderson.paulinha"
"25/09/2022";"18:36:45";2022;"AC";2;"ELEIÇÃO ORDINÁRIA";546;"ELEIÇÕES GERAIS ESTADUAIS 2022";10001643698;2;"https://www.instagram.com/eusouandersonlima/"
"25/09/2022";"18:36:45";2022;"AC";2;"ELEIÇÃO ORDINÁRIA";546;"ELEIÇÕES GERAIS ESTADUAIS 2022";10001649306;2;"https://facebook.com/edenalvesazevedo"
"25/09/2022";"18:36:45";2022;"AC";2;"ELEIÇÃO ORDINÁRIA";546;"ELEIÇÕES GERAIS ESTADUAIS 2022";10001649306;1;"https://instagram.com/edenazevedo"
"25/09/2022";"18:36:45";2022;"AC";2;"ELEIÇÃO ORDINÁRIA";546;"ELEIÇÕES GERAIS ESTADUAIS 2022";10001623439;1;"https://www.facebook.com/georgia.micheletti"
"25/09/2022";"18:36:45";2022;"AC";2;"ELEIÇÃO ORDINÁRIA";546;"ELEIÇÕES GERAIS ESTADUAIS 2022";10001623439;2;"https://www.instagram.com/georgiamicheletti/?igshid=YmMyMTA2M2Y%3D"
"25/09/2022";"18:36:45";2022;"AC";2;"ELEIÇÃO ORDINÁRIA";546;"ELEIÇÕES GERAIS ESTADUAIS 2022";10001723802;2;"https://instagram.com/jailsonalmeida40"
"25/09/2022";"18:36:45";2022;"AC";2;"ELEIÇÃO ORDINÁRIA";546;"ELEIÇÕES GERAIS ESTADUAIS 2022";10001723802;1;"https://www.facebook.com/jailson.almeida.583"
"25/09/2022";"18:36:45";2022;"AC";2;"ELEIÇÃO ORDINÁRIA";546;"ELEIÇÕES GERAIS ESTADUAIS 2022";10001606501;1;"https://www.instagram.com/ambroziodemourasousa/"
"25/09/2022";"18:36:45";2022;"AC";2;"ELEIÇÃO ORDINÁRIA";546;"ELEIÇÕES GERAIS ESTADUAIS 2022";10001606501;2;"https://www.facebook.com/profile.php?id=100007570849142"
"25/09/2022";"18:36:45";2022;"AC";2;"ELEIÇÃO ORDINÁRIA";546;"ELEIÇÕES GERAIS ESTADUAIS 2022";10001606508;1;"https://www.facebook.com/profile.php?id=100023902533715"
"25/09/2022";"18:36:45";2022;"AC";2;"ELEIÇÃO ORDINÁRIA";546;"ELEIÇÕES GERAIS ESTADUAIS 2022";10001606508;2;"https://www.instagram.com/raiholand4/"
"25/09/2022";"18:36:45";2022;"AC";2;"ELEIÇÃO ORDINÁRIA";546;"ELEIÇÕES GERAIS ESTADUAIS 2022";10001643847;2;"https://www.facebook.com/normeli.araujo.54"
"25/09/2022";"18:36:45";2022;"AC";2;"ELEIÇÃO ORDINÁRIA";546;"ELEIÇÕES GERAIS ESTADUAIS 2022";10001643847;1;"https://www.instagram.com/litaaraujo32/"
"25/09/2022";"18:36:45";2022;"AC";2;"ELEIÇÃO ORDINÁRIA";546;"ELEIÇÕES GERAIS ESTADUAIS 2022";10001643860;2;"https://www.facebook.com/paulomoreiraaraujo.moreira"
"25/09/2022";"18:36:45";2022;"AC";2;"ELEIÇÃO ORDINÁRIA";546;"ELEIÇÕES GERAIS ESTADUAIS 2022";10001643860;1;"https://www.instagram.com/pauloaraujo.1/"
"25/09/2022";"18:36:45";2022;"AC";2;"ELEIÇÃO ORDINÁRIA";546;"ELEIÇÕES GERAIS ESTADUAIS 2022";10001723787;1;"https://instagram.com/cicerofurtado"
"25/09/2022";"18:36:45";2022;"AC";2;"ELEIÇÃO ORDINÁRIA";546;"ELEIÇÕES GERAIS ESTADUAIS 2022";10001723787;2;"https://facebook.com/cicero.furtado"
"25/09/2022";"18:36:45";2022;"AC";2;"ELEIÇÃO ORDINÁRIA";546;"ELEIÇÕES GERAIS ESTADUAIS 2022";10001649313;1;"https://facebook.com/terezinha.moreira.9277583"
"25/09/2022";"18:36:45";2022;"AC";2;"ELEIÇÃO ORDINÁRIA";546;"ELEIÇÕES GERAIS ESTADUAIS 2022";10001649413;2;"https://www.facebook.com/lubia.napianodearaujo"
"25/09/2022";"18:36:45";2022;"AC";2;"ELEIÇÃO ORDINÁRIA";546;"ELEIÇÕES GERAIS ESTADUAIS 2022";10001649413;1;"https://instagram.com/lubiaaraujo40?igshid=YmMyMTA2M2Y="
"25/09/2022";"18:36:45";2022;"AC";2;"ELEIÇÃO ORDINÁRIA";546;"ELEIÇÕES GERAIS ESTADUAIS 2022";10001606512;2;"https://www.facebook.com/profile.php?id=100036891497849"
"25/09/2022";"18:36:45";2022;"AC";2;"ELEIÇÃO ORDINÁRIA";546;"ELEIÇÕES GERAIS ESTADUAIS 2022";10001606512;1;"https://www.instagram.com/joycearaujo671/"
"25/09/2022";"18:36:45";2022;"AC";2;"ELEIÇÃO ORDINÁRIA";546;"ELEIÇÕES GERAIS ESTADUAIS 2022";10001621645;1;"https://instagram.com/samir.bestene?igshid=YmMyMTA2M2Y="
"25/09/2022";"18:36:45";2022;"AC";2;"ELEIÇÃO ORDINÁRIA";546;"ELEIÇÕES GERAIS ESTADUAIS 2022";10001723785;1;"https://instagram.com/hidsonere"
"25/09/2022";"18:36:45";2022;"AC";2;"ELEIÇÃO ORDINÁRIA";546;"ELEIÇÕES GERAIS ESTADUAIS 2022";10001643324;2;"https://instagram.com/gabrielrbco?igshid=YmMyMTA2M2Y="
"25/09/2022";"18:36:45";2022;"AC";2;"ELEIÇÃO ORDINÁRIA";546;"ELEIÇÕES GERAIS ESTADUAIS 2022";10001643324;1;"https://m.facebook.com/ga.gabrielsantos"
"25/09/2022";"18:36:45";2022;"AC";2;"ELEIÇÃO ORDINÁRIA";546;"ELEIÇÕES GERAIS ESTADUAIS 2022";10001649317;1;"https://facebook.com/otacilia.silva1"
"25/09/2022";"18:36:45";2022;"AC";2;"ELEIÇÃO ORDINÁRIA";546;"ELEIÇÕES GERAIS ESTADUAIS 2022";10001649317;2;"https://instagram.com/pastoraotaciliasilva"
"25/09/2022";"18:36:45";2022;"AC";2;"ELEIÇÃO ORDINÁRIA";546;"ELEIÇÕES GERAIS ESTADUAIS 2022";10001635532;1;"https://www.instagram.com/pedrododayane"
"25/09/2022";"18:36:45";2022;"AC";2;"ELEIÇÃO ORDINÁRIA";546;"ELEIÇÕES GERAIS ESTADUAIS 2022";10001635532;2;"https://www.instagram.com/pedrododayaneacre"
"25/09/2022";"18:36:45";2022;"AC";2;"ELEIÇÃO ORDINÁRIA";546;"ELEIÇÕES GERAIS ESTADUAIS 2022";10001716345;1;"https://instagram.com/marciamaria.blog"
"25/09/2022";"18:36:45";2022;"AC";2;"ELEIÇÃO ORDINÁRIA";546;"ELEIÇÕES GERAIS ESTADUAIS 2022";10001716345;2;"https://www.facebook.com/marciamaria.blog.br"
"25/09/2022";"18:36:45";2022;"AC";2;"ELEIÇÃO ORDINÁRIA";546;"ELEIÇÕES GERAIS ESTADUAIS 2022";10001642334;3;"https://twitter.com/bastos_raphael"
"25/09/2022";"18:36:45";2022;"AC";2;"ELEIÇÃO ORDINÁRIA";546;"ELEIÇÕES GERAIS ESTADUAIS 2022";10001642334;2;"https://instagram.com/raphaelbastosjunior?igshid"
"25/09/2022";"18:36:45";2022;"AC";2;"ELEIÇÃO ORDINÁRIA";546;"ELEIÇÕES GERAIS ESTADUAIS 2022";10001642334;1;"https://www.facebook.com/raphaelluizbastos"
"25/09/2022";"18:36:45";2022;"AC";2;"ELEIÇÃO ORDINÁRIA";546;"ELEIÇÕES GERAIS ESTADUAIS 2022";10001716342;2;"https://www.facebook.com/damasceno.lanna"
"25/09/2022";"18:36:45";2022;"AC";2;"ELEIÇÃO ORDINÁRIA";546;"ELEIÇÕES GERAIS ESTADUAIS 2022";10001716342;1;"https://instagram.com/lannavazac"
"25/09/2022";"18:36:45";2022;"AC";2;"ELEIÇÃO ORDINÁRIA";546;"ELEIÇÕES GERAIS ESTADUAIS 2022";10001723792;2;"https://www.facebook.com/mariaaparecidafreitasdasilva.942"
"25/09/2022";"18:36:45";2022;"AC";2;"ELEIÇÃO ORDINÁRIA";546;"ELEIÇÕES GERAIS ESTADUAIS 2022";10001723792;1;"https://instagram.com/sidinha1000"
"25/09/2022";"18:36:45";2022;"AC";2;"ELEIÇÃO ORDINÁRIA";546;"ELEIÇÕES GERAIS ESTADUAIS 2022";10001643327;1;"https://instagram.com/gabrielrbco?igshid=YmMyMTA2M2Y="
"25/09/2022";"18:36:45";2022;"AC";2;"ELEIÇÃO ORDINÁRIA";546;"ELEIÇÕES GERAIS ESTADUAIS 2022";10001643319;1;"https://www.instagram.com/p/CfdLyvluI00/?igshid=YmMyMTA2M2Y="
"25/09/2022";"18:36:45";2022;"AC";2;"ELEIÇÃO ORDINÁRIA";546;"ELEIÇÕES GERAIS ESTADUAIS 2022";10001643319;2;"https://www.facebook.com/jromildo144"
"25/09/2022";"18:36:45";2022;"AC";2;"ELEIÇÃO ORDINÁRIA";546;"ELEIÇÕES GERAIS ESTADUAIS 2022";10001649327;1;"https://facebook.com/ismael.muniz.5"
"25/09/2022";"18:36:45";2022;"AC";2;"ELEIÇÃO ORDINÁRIA";546;"ELEIÇÕES GERAIS ESTADUAIS 2022";10001606509;1;"https://www.facebook.com/profile.php?id=100076613809973"
"25/09/2022";"18:36:45";2022;"AC";2;"ELEIÇÃO ORDINÁRIA";546;"ELEIÇÕES GERAIS ESTADUAIS 2022";10001643320;1;"https://www.instagram.com/invites/contact/?i=olp3msymfyno&utm_content=na82z9v"
"25/09/2022";"18:36:45";2022;"AC";2;"ELEIÇÃO ORDINÁRIA";546;"ELEIÇÕES GERAIS ESTADUAIS 2022";10001643428;1;"https://www.facebook.com/nicolaujunioroficial"
"25/09/2022";"18:36:45";2022;"AC";2;"ELEIÇÃO ORDINÁRIA";546;"ELEIÇÕES GERAIS ESTADUAIS 2022";10001606308;2;"https://www.instagram.com/jorgiene.carneiro123/"
"25/09/2022";"18:36:45";2022;"AC";2;"ELEIÇÃO ORDINÁRIA";546;"ELEIÇÕES GERAIS ESTADUAIS 2022";10001606308;1;"https://www.facebook.com/jorgiene.carneiro"
"25/09/2022";"18:36:45";2022;"AC";2;"ELEIÇÃO ORDINÁRIA";546;"ELEIÇÕES GERAIS ESTADUAIS 2022";10001601425;1;"https://www.instagram.com/driellemendesac/"
"25/09/2022";"18:36:45";2022;"AC";2;"ELEIÇÃO ORDINÁRIA";546;"ELEIÇÕES GERAIS ESTADUAIS 2022";10001601425;2;"https://www.facebook.com/driellemendes.pereira"
"25/09/2022";"18:36:45";2022;"AC";2;"ELEIÇÃO ORDINÁRIA";546;"ELEIÇÕES GERAIS ESTADUAIS 2022";10001643326;1;"https://instagram.com/haugusto695?igshid=YmMyMTA2M2Y="
"25/09/2022";"18:36:45";2022;"AC";2;"ELEIÇÃO ORDINÁRIA";546;"ELEIÇÕES GERAIS ESTADUAIS 2022";10001623548;1;"https://www.facebook.com/augustosae.souza"
"25/09/2022";"18:36:45";2022;"AC";2;"ELEIÇÃO ORDINÁRIA";546;"ELEIÇÕES GERAIS ESTADUAIS 2022";10001623548;2;"https://www.instagram.com/augusto4466"
"25/09/2022";"18:36:45";2022;"AC";2;"ELEIÇÃO ORDINÁRIA";546;"ELEIÇÕES GERAIS ESTADUAIS 2022";10001635531;1;"https://www.instagram.com/tadeuhassem"
"25/09/2022";"18:36:45";2022;"AC";2;"ELEIÇÃO ORDINÁRIA";546;"ELEIÇÕES GERAIS ESTADUAIS 2022";10001643426;1;"https://instagram.com/jennifer_0liveiraa?igshid=YmMyMTA2M2Y="
"25/09/2022";"18:36:45";2022;"AC";2;"ELEIÇÃO ORDINÁRIA";546;"ELEIÇÕES GERAIS ESTADUAIS 2022";10001601427;2;"https://www.facebook.com/pablobregense"
"25/09/2022";"18:36:45";2022;"AC";2;"ELEIÇÃO ORDINÁRIA";546;"ELEIÇÕES GERAIS ESTADUAIS 2022";10001601427;1;"https://www.instagram.com/pablobregense"
"25/09/2022";"18:36:45";2022;"AC";2;"ELEIÇÃO ORDINÁRIA";546;"ELEIÇÕES GERAIS ESTADUAIS 2022";10001643328;1;"https://www.facebook.com/crisnnogueira"
"25/09/2022";"18:36:45";2022;"AC";2;"ELEIÇÃO ORDINÁRIA";546;"ELEIÇÕES GERAIS ESTADUAIS 2022";10001643328;2;"https://www.instagram.com/crisnnogueira/?igshid=YmMyMTA2M2Y%3D"
"25/09/2022";"18:36:45";2022;"AC";2;"ELEIÇÃO ORDINÁRIA";546;"ELEIÇÕES GERAIS ESTADUAIS 2022";10001716340;2;"https://www.normandosales.com.br"
"25/09/2022";"18:36:45";2022;"AC";2;"ELEIÇÃO ORDINÁRIA";546;"ELEIÇÕES GERAIS ESTADUAIS 2022";10001716340;3;"https://instagram.com/normandosales"
"25/09/2022";"18:36:45";2022;"AC";2;"ELEIÇÃO ORDINÁRIA";546;"ELEIÇÕES GERAIS ESTADUAIS 2022";10001716340;1;"https://www.facebook.com/normando.sales"
"25/09/2022";"18:36:45";2022;"AC";2;"ELEIÇÃO ORDINÁRIA";546;"ELEIÇÕES GERAIS ESTADUAIS 2022";10001635764;1;"https://instagram.com/jociaguiar13131?igshid=YmMyMTA2M2Y="
"25/09/2022";"18:36:45";2022;"AC";2;"ELEIÇÃO ORDINÁRIA";546;"ELEIÇÕES GERAIS ESTADUAIS 2022";10001635764;3;"http://www.jociaguiar.com.br/"
"25/09/2022";"18:36:45";2022;"AC";2;"ELEIÇÃO ORDINÁRIA";546;"ELEIÇÕES GERAIS ESTADUAIS 2022";10001635764;2;"https://www.facebook.com/joci.aguiar"
"25/09/2022";"18:36:45";2022;"AC";2;"ELEIÇÃO ORDINÁRIA";546;"ELEIÇÕES GERAIS ESTADUAIS 2022";10001643844;1;"https://www.instagram.com/manelzinhoacre/"
"25/09/2022";"18:36:45";2022;"AC";2;"ELEIÇÃO ORDINÁRIA";546;"ELEIÇÕES GERAIS ESTADUAIS 2022";10001643844;2;"https://web.facebook.com/beneilson.dasilvadamasceno"
"25/09/2022";"18:36:45";2022;"AC";2;"ELEIÇÃO ORDINÁRIA";546;"ELEIÇÕES GERAIS ESTADUAIS 2022";10001650027;1;"https://instagram.com/limaadekson?igshid=YmMyMTA2M2Y"
"25/09/2022";"18:36:45";2022;"AC";2;"ELEIÇÃO ORDINÁRIA";546;"ELEIÇÕES GERAIS ESTADUAIS 2022";10001650027;2;"https://m.facebook.com/profile.php?id=100006239084601"
"25/09/2022";"18:36:45";2022;"AC";2;"ELEIÇÃO ORDINÁRIA";546;"ELEIÇÕES GERAIS ESTADUAIS 2022";10001716347;1;"https://www.facebook.com/josemanoel.zeprego"
"25/09/2022";"18:36:45";2022;"AC";2;"ELEIÇÃO ORDINÁRIA";546;"ELEIÇÕES GERAIS ESTADUAIS 2022";10001614244;2;"https://www.instagram.com/presidente.leoneide/"
"25/09/2022";"18:36:45";2022;"AC";2;"ELEIÇÃO ORDINÁRIA";546;"ELEIÇÕES GERAIS ESTADUAIS 2022";10001614244;1;"https://www.facebook.com/profile.php?id=100006468467462"
"25/09/2022";"18:36:45";2022;"AC";2;"ELEIÇÃO ORDINÁRIA";546;"ELEIÇÕES GERAIS ESTADUAIS 2022";10001606511;1;"https://www.facebook.com/evandrolima.lima.562"
"25/09/2022";"18:36:45";2022;"AC";2;"ELEIÇÃO ORDINÁRIA";546;"ELEIÇÕES GERAIS ESTADUAIS 2022";10001606511;2;"https://www.instagram.com/evandrolimafotografo/"
"25/09/2022";"18:36:45";2022;"AC";2;"ELEIÇÃO ORDINÁRIA";546;"ELEIÇÕES GERAIS ESTADUAIS 2022";10001650023;2;"https://pt-br.facebook.com/edmirk.herculano"
"25/09/2022";"18:36:45";2022;"AC";2;"ELEIÇÃO ORDINÁRIA";546;"ELEIÇÕES GERAIS ESTADUAIS 2022";10001650023;3;"https://instagram.com/edmirkherculano?igshid=YmMyMTA2M2Y"
"25/09/2022";"18:36:45";2022;"AC";2;"ELEIÇÃO ORDINÁRIA";546;"ELEIÇÕES GERAIS ESTADUAIS 2022";10001650023;1;"https://twitter.com/edmirkherculano"
"25/09/2022";"18:36:45";2022;"AC";2;"ELEIÇÃO ORDINÁRIA";546;"ELEIÇÕES GERAIS ESTADUAIS 2022";10001623554;2;"https://www.instagram.com/carolbritoac"
"25/09/2022";"18:36:45";2022;"AC";2;"ELEIÇÃO ORDINÁRIA";546;"ELEIÇÕES GERAIS ESTADUAIS 2022";10001623554;1;"https://www.facebook.com.br/anacarolinapaivadebrito"
"25/09/2022";"18:36:45";2022;"AC";2;"ELEIÇÃO ORDINÁRIA";546;"ELEIÇÕES GERAIS ESTADUAIS 2022";10001619990;1;"https://www.instagram.com/depantonialuciacamara"
"25/09/2022";"18:36:45";2022;"AC";2;"ELEIÇÃO ORDINÁRIA";546;"ELEIÇÕES GERAIS ESTADUAIS 2022";10001619990;2;"https://www.facebook.com/antonialuciapr"
"25/09/2022";"18:36:45";2022;"AC";2;"ELEIÇÃO ORDINÁRIA";546;"ELEIÇÕES GERAIS ESTADUAIS 2022";10001612490;1;"https://facebook.com/luiz.anute"
"25/09/2022";"18:36:45";2022;"AC";2;"ELEIÇÃO ORDINÁRIA";546;"ELEIÇÕES GERAIS ESTADUAIS 2022";10001643443;1;"https://progressistas.org.br/"
"25/09/2022";"18:36:45";2022;"AC";2;"ELEIÇÃO ORDINÁRIA";546;"ELEIÇÕES GERAIS ESTADUAIS 2022";10001606507;1;"https://www.facebook.com/profile.php?id=100076687988140"
"25/09/2022";"18:36:45";2022;"AC";2;"ELEIÇÃO ORDINÁRIA";546;"ELEIÇÕES GERAIS ESTADUAIS 2022";10001643857;2;"https://www.facebook.com/profile.php?id=100079160773293"
"25/09/2022";"18:36:45";2022;"AC";2;"ELEIÇÃO ORDINÁRIA";546;"ELEIÇÕES GERAIS ESTADUAIS 2022";10001643857;1;"https://www.instagram.com/regianemacieloficial/"
"25/09/2022";"18:36:45";2022;"AC";2;"ELEIÇÃO ORDINÁRIA";546;"ELEIÇÕES GERAIS ESTADUAIS 2022";10001614193;1;"https://www.instagram.com/claudioezequielp/?igshid=YmMyMTA2M2Y"
"25/09/2022";"18:36:45";2022;"AC";2;"ELEIÇÃO ORDINÁRIA";546;"ELEIÇÕES GERAIS ESTADUAIS 2022";10001614193;2;"https://www.facebook.com/claudio.passamani.7"
"25/09/2022";"18:36:45";2022;"AC";2;"ELEIÇÃO ORDINÁRIA";546;"ELEIÇÕES GERAIS ESTADUAIS 2022";10001622780;2;"https://www.instagram.com/fabioaraujoacre/"
"25/09/2022";"18:36:45";2022;"AC";2;"ELEIÇÃO ORDINÁRIA";546;"ELEIÇÕES GERAIS ESTADUAIS 2022";10001622780;3;"https://twitter.com/fabioaraujo_ac?t=StuHX8nckmgF3xPcsGvDaw&s=08"
"25/09/2022";"18:36:45";2022;"AC";2;"ELEIÇÃO ORDINÁRIA";546;"ELEIÇÕES GERAIS ESTADUAIS 2022";10001622780;1;"https://www.facebook.com/fabioaraujoacre"
"25/09/2022";"18:36:45";2022;"AC";2;"ELEIÇÃO ORDINÁRIA";546;"ELEIÇÕES GERAIS ESTADUAIS 2022";10001643854;1;"https://www.instagram.com/maj.mariolima/"
"25/09/2022";"18:36:45";2022;"AC";2;"ELEIÇÃO ORDINÁRIA";546;"ELEIÇÕES GERAIS ESTADUAIS 2022";10001643854;2;"https://www.facebook.com/mario.lima.503"
"25/09/2022";"18:36:45";2022;"AC";2;"ELEIÇÃO ORDINÁRIA";546;"ELEIÇÕES GERAIS ESTADUAIS 2022";10001623550;1;"https://www.facebook.com/profile.php?id="
"25/09/2022";"18:36:45";2022;"AC";2;"ELEIÇÃO ORDINÁRIA";546;"ELEIÇÕES GERAIS ESTADUAIS 2022";10001643850;1;"https://www.instagram.com/tampinha_bittar/"
"25/09/2022";"18:36:45";2022;"AC";2;"ELEIÇÃO ORDINÁRIA";546;"ELEIÇÕES GERAIS ESTADUAIS 2022";10001643850;2;"https://web.facebook.com/tampinha.bittar.3"
"25/09/2022";"18:36:45";2022;"AC";2;"ELEIÇÃO ORDINÁRIA";546;"ELEIÇÕES GERAIS ESTADUAIS 2022";10001643842;1;"https://www.instagram.com/lauanaacre/"
"25/09/2022";"18:36:45";2022;"AC";2;"ELEIÇÃO ORDINÁRIA";546;"ELEIÇÕES GERAIS ESTADUAIS 2022";10001643842;2;"https://www.facebook.com/profile.php?id=100004336458901"
"25/09/2022";"18:36:45";2022;"AC";2;"ELEIÇÃO ORDINÁRIA";546;"ELEIÇÕES GERAIS ESTADUAIS 2022";10001655725;1;"https://m.facebook.com/profile.php?id=100046331062404"
"25/09/2022";"18:36:45";2022;"AC";2;"ELEIÇÃO ORDINÁRIA";546;"ELEIÇÕES GERAIS ESTADUAIS 2022";10001723790;2;"https://facebook.com/mauriciodosespetinhos"
"25/09/2022";"18:36:45";2022;"AC";2;"ELEIÇÃO ORDINÁRIA";546;"ELEIÇÕES GERAIS ESTADUAIS 2022";10001723790;1;"https://instagram.com/oficial:mauriciodosespetinhos"
"25/09/2022";"18:36:45";2022;"AC";2;"ELEIÇÃO ORDINÁRIA";546;"ELEIÇÕES GERAIS ESTADUAIS 2022";10001723799;1;"https://instagram.com/prof.paulo.henrique"
"25/09/2022";"18:36:45";2022;"AC";2;"ELEIÇÃO ORDINÁRIA";546;"ELEIÇÕES GERAIS ESTADUAIS 2022";10001723799;2;"https://facebook.com/profile.php"
"25/09/2022";"18:36:45";2022;"AC";2;"ELEIÇÃO ORDINÁRIA";546;"ELEIÇÕES GERAIS ESTADUAIS 2022";10001606493;1;"https://www.facebook.com/bene.lima.336717"
"25/09/2022";"18:36:45";2022;"AC";2;"ELEIÇÃO ORDINÁRIA";546;"ELEIÇÕES GERAIS ESTADUAIS 2022";10001606493;2;"https://www.instagram.com/radio.lider.web/"
"25/09/2022";"18:36:45";2022;"AC";2;"ELEIÇÃO ORDINÁRIA";546;"ELEIÇÕES GERAIS ESTADUAIS 2022";10001612489;2;"https://www.instagram.com/hiamarpinheiro/?igshid=NmNmNjAwNzg%3D"
"25/09/2022";"18:36:45";2022;"AC";2;"ELEIÇÃO ORDINÁRIA";546;"ELEIÇÕES GERAIS ESTADUAIS 2022";10001612489;3;"https://m.facebook.com/Hiamar-de-Paiva-Pinheiro-103230699183451/"
"25/09/2022";"18:36:45";2022;"AC";2;"ELEIÇÃO ORDINÁRIA";546;"ELEIÇÕES GERAIS ESTADUAIS 2022";10001612489;1;"https://www.facebook.com/hiamardepaiva.pinheiro.3"
"25/09/2022";"18:36:45";2022;"AC";2;"ELEIÇÃO ORDINÁRIA";546;"ELEIÇÕES GERAIS ESTADUAIS 2022";10001643434;1;"https://instagram.com/deinifrance190?igshid=YmMyMTA2M2Y="
"25/09/2022";"18:36:45";2022;"AC";2;"ELEIÇÃO ORDINÁRIA";546;"ELEIÇÕES GERAIS ESTADUAIS 2022";10001635773;1;"https://www.instagram.com/sidilenelima13133/?igshid=YmMyMTA2M2Y"
"25/09/2022";"18:36:45";2022;"AC";2;"ELEIÇÃO ORDINÁRIA";546;"ELEIÇÕES GERAIS ESTADUAIS 2022";10001635773;2;"https://www.facebook.com/lenny.lima.5895"
"25/09/2022";"18:36:45";2022;"AC";2;"ELEIÇÃO ORDINÁRIA";546;"ELEIÇÕES GERAIS ESTADUAIS 2022";10001643702;1;"https://www.instagram.com/liciamara_fidelis/"
"25/09/2022";"18:36:45";2022;"AC";2;"ELEIÇÃO ORDINÁRIA";546;"ELEIÇÕES GERAIS ESTADUAIS 2022";10001643702;2;"https://www.facebook.com/ederfidelise.licia"
"25/09/2022";"18:36:45";2022;"AC";2;"ELEIÇÃO ORDINÁRIA";546;"ELEIÇÕES GERAIS ESTADUAIS 2022";10001643858;2;"https://www.instagram.com/prof_edileudorocha/"
"25/09/2022";"18:36:45";2022;"AC";2;"ELEIÇÃO ORDINÁRIA";546;"ELEIÇÕES GERAIS ESTADUAIS 2022";10001643858;1;"https://www.facebook.com/profile.php?id=100083002779488"
"25/09/2022";"18:36:45";2022;"AC";2;"ELEIÇÃO ORDINÁRIA";546;"ELEIÇÕES GERAIS ESTADUAIS 2022";10001612477;1;"https://beacons.ai/senadoramailza"
"25/09/2022";"18:36:45";2022;"AC";2;"ELEIÇÃO ORDINÁRIA";546;"ELEIÇÕES GERAIS ESTADUAIS 2022";10001649314;1;"https://facebook.com/profile.php?id=100079393984996"
